"run_1_lambda_1",""
"run_1_lambda_2","Mbx/Dmbx"
"run_1_lambda_3","Mbx/Dmbx"
"run_1_lambda_4","Mbx/Dmbx"
"run_1_lambda_5","Mbx/Dmbx,Lhx1"
"run_1_lambda_6","Mbx/Dmbx,Lhx1"
"run_1_lambda_7","Mbx/Dmbx,Lhx1"
"run_1_lambda_8","Mbx/Dmbx,Lhx1"
"run_1_lambda_9","Mbx/Dmbx,Lhx1"
"run_1_lambda_10","Mbx/Dmbx,Lhx1"
"run_1_lambda_11","Mbx/Dmbx,Lhx1"
"run_1_lambda_12","Mbx/Dmbx,Lhx1"
"run_1_lambda_13","Mbx/Dmbx,Lhx1"
"run_1_lambda_14","Mbx/Dmbx,Lhx1"
"run_1_lambda_15","Mbx/Dmbx,Lhx1"
"run_1_lambda_16","Mbx/Dmbx,Lhx1"
"run_1_lambda_17","Mbx/Dmbx,Lhx1"
"run_1_lambda_18","Mbx/Dmbx,Lhx1"
"run_1_lambda_19","Mbx/Dmbx,Lhx1"
"run_1_lambda_20","Mbx/Dmbx,Lhx1"
"run_1_lambda_21","Mbx/Dmbx,Lhx1"
"run_1_lambda_22","Mbx/Dmbx,Lhx1,HMG1/2"
"run_1_lambda_23","Mbx/Dmbx,Lhx1,HMG1/2"
"run_1_lambda_24","Mbx/Dmbx,Lhx1,HMG1/2"
"run_1_lambda_25","Mbx/Dmbx,Lhx1,HMG1/2"
"run_1_lambda_26","Mbx/Dmbx,Lhx1,HMG1/2"
"run_1_lambda_27","Mbx/Dmbx,Lhx1,HMG1/2"
"run_1_lambda_28","Mbx/Dmbx,Lhx1,HMG1/2,LAG1-like1"
"run_1_lambda_29","Mbx/Dmbx,Lhx1,HMG1/2,LAG1-like1"
"run_1_lambda_30","Mbx/Dmbx,Lhx1,HMG1/2,LAG1-like1"
"run_1_lambda_31","Mbx/Dmbx,Lhx1,HMG1/2,LAG1-like1"
"run_1_lambda_32","Mbx/Dmbx,Lhx1,HMG1/2,LAG1-like1"
"run_1_lambda_33","Mbx/Dmbx,Orphan bHLH-1,Lhx1,HMG1/2,LAG1-like1"
"run_1_lambda_34","Mbx/Dmbx,Orphan bHLH-1,Lhx1,HMG1/2,LAG1-like1"
"run_1_lambda_35","Mbx/Dmbx,Orphan bHLH-1,Lhx1,HMG1/2,LAG1-like1"
"run_1_lambda_36","Mbx/Dmbx,Orphan bHLH-1,Lhx1,HMG1/2,LAG1-like1"
"run_1_lambda_37","Mbx/Dmbx,Orphan bHLH-1,Lhx1,HMG1/2,LAG1-like1"
"run_1_lambda_38","Orphan bHLH-1,Lhx1,HMG1/2,LAG1-like1"
"run_1_lambda_39","Orphan bHLH-1,Lhx1,HMG1/2,LAG1-like1"
"run_1_lambda_40","Orphan bHLH-1,Lhx1,HMG1/2,LAG1-like1"
"run_1_lambda_41","Orphan bHLH-1,Lhx1,HMG1/2,LAG1-like1,small Maf"
"run_1_lambda_42","Orphan bHLH-1,Lhx1,HMG1/2,LAG1-like1,small Maf"
"run_1_lambda_43","Orphan bHLH-1,Lhx1,HMG1/2,LAG1-like1,Pax2/5/8-A,small Maf"
"run_1_lambda_44","Orphan bHLH-1,Lhx1,HMG1/2,LAG1-like1,Pax2/5/8-A,small Maf,FoxB"
"run_1_lambda_45","Orphan bHLH-1,Lhx1,HMG1/2,LAG1-like1,Pax2/5/8-A,small Maf,FoxB"
"run_1_lambda_46","Orphan bHLH-1,Lhx1,HMG1/2,LAG1-like1,Pax2/5/8-A,small Maf,FoxB"
"run_1_lambda_47","Orphan bHLH-1,Lhx1,HMG1/2,LAG1-like1,Pax2/5/8-A,small Maf,FoxB,Zinc Finger (C2H2)-22 // Ci-ZF219,Zinc Finger (BTB/C2H2) // Ci-ZF251"
"run_1_lambda_48","Orphan bHLH-1,Lhx1,HMG1/2,LAG1-like1,Ci-ZF155,Pax2/5/8-A,FoxB,Zinc Finger (C2H2)-22 // Ci-ZF219,Net,Zinc Finger (BTB/C2H2) // Ci-ZF251"
"run_1_lambda_49","Orphan bHLH-1,HMG1/2,LAG1-like1,Ci-ZF155,Pax2/5/8-A,FoxB,Zinc Finger (C2H2)-22 // Ci-ZF219,Net,FoxH-a,Zinc Finger (BTB/C2H2) // Ci-ZF251"
"run_1_lambda_50","Orphan bHLH-1,HMG1/2,LAG1-like1,Ci-ZF155,Pax2/5/8-A,FoxB,Zinc Finger (C2H2)-22 // Ci-ZF219,Ci-ZF298,Net,FoxH-a,Zinc Finger (BTB/C2H2) // Ci-ZF251,Pitx"
"run_1_lambda_51","Orphan bHLH-1,HMG1/2,LAG1-like1,Ci-ZF155,Pax2/5/8-A,FoxB,Zinc Finger (C2H2)-22 // Ci-ZF219,Ci-ZF298,Net,FoxH-a,Zinc Finger (BTB/C2H2) // Ci-ZF251,Pitx"
"run_1_lambda_52","Orphan bHLH-1,HMG1/2,LAG1-like1,Ci-ZF155,Pax2/5/8-A,FoxB,Zinc Finger (C2H2)-22 // Ci-ZF219,Ci-ZF298,Ci-ZF168,Net,FoxH-a,Zinc Finger (BTB/C2H2) // Ci-ZF251,Pitx"
"run_1_lambda_53","Orphan bHLH-1,HMG1/2,LAG1-like1,Ci-ZF155,Pax2/5/8-A,FoxB,Zinc Finger (C2H2)-22 // Ci-ZF219,Ci-ZF298,Ci-ZF168,Net,FoxH-a,Zinc Finger (BTB/C2H2) // Ci-ZF251,Pitx"
"run_1_lambda_54","Orphan bHLH-1,HMG1/2,LAG1-like1,Ci-ZF155,Pax2/5/8-A,FoxB,Zinc Finger (C2H2)-22 // Ci-ZF219,Ci-ZF298,Ci-ZF168,Net,FoxH-a,Zinc Finger (BTB/C2H2) // Ci-ZF251,Pitx"
"run_1_lambda_55","Orphan bHLH-1,HMG1/2,LAG1-like1,Ci-ZF155,Pax2/5/8-A,FoxB,Zinc Finger (C2H2)-22 // Ci-ZF219,Ci-ZF298,Ci-ZF168,Net,FoxH-a,Zinc Finger (BTB/C2H2) // Ci-ZF251,Pitx"
"run_1_lambda_56","Orphan bHLH-1,HMG1/2,LAG1-like1,Ci-ZF155,Pax2/5/8-A,FoxB,Zinc Finger (C2H2)-22 // Ci-ZF219,Ci-ZF298,Ci-ZF168,Net,FoxH-a,Zinc Finger (BTB/C2H2) // Ci-ZF251,Pitx"
"run_1_lambda_57","Orphan bHLH-1,HMG1/2,LAG1-like1,Ci-ZF155,Pax2/5/8-A,FoxB,Hox1,Zinc Finger (C2H2)-22 // Ci-ZF219,Ci-ZF298,Ci-ZF168,Net,FoxH-a,Zinc Finger (BTB/C2H2) // Ci-ZF251,Pitx"
"run_1_lambda_58","Orphan bHLH-1,HMG1/2,LAG1-like1,Ci-ZF155,Pax2/5/8-A,FoxB,Hox1,Zinc Finger (C2H2)-22 // Ci-ZF219,Ci-ZF298,Ci-ZF168,Net,FoxH-a,Zinc Finger (BTB/C2H2) // Ci-ZF251,Pitx"
"run_1_lambda_59","Orphan bHLH-1,LAG1-like1,Ci-ZF155,Pax2/5/8-A,small Maf,FoxB,Hox1,Zinc Finger (C2H2)-22 // Ci-ZF219,Ci-ZF298,Ci-ZF168,Net,FoxH-a,Zinc Finger (BTB/C2H2) // Ci-ZF251,Pitx"
"run_1_lambda_60","Orphan bHLH-1,LAG1-like1,Ci-ZF155,Pax2/5/8-A,small Maf,FoxB,Hox1,Zinc Finger (C2H2)-22 // Ci-ZF219,Ci-ZF298,Ci-ZF168,Net,FoxH-a,Zinc Finger (BTB/C2H2) // Ci-ZF251,Pitx"
"run_1_lambda_61","Orphan bHLH-1,LAG1-like1,Pax2/5/8-A,small Maf,FoxB,Hox1,Zinc Finger (C2H2)-22 // Ci-ZF219,Ci-ZF298,Ci-ZF168,Net,FoxH-a,Zinc Finger (BTB/C2H2) // Ci-ZF251,Pitx"
"run_1_lambda_62","Orphan bHLH-1,LAG1-like1,Pax2/5/8-A,small Maf,FoxB,Hox1,Zinc Finger (C2H2)-22 // Ci-ZF219,Ci-ZF298,Ci-ZF168,Net,FoxH-a,Zinc Finger (BTB/C2H2) // Ci-ZF251,Pitx"
"run_1_lambda_63","Orphan bHLH-1,LAG1-like1,Pax2/5/8-A,small Maf,FoxB,Hox1,Zinc Finger (C2H2)-22 // Ci-ZF219,Ci-ZF298,Ci-ZF168,Net,FoxH-a,Zinc Finger (BTB/C2H2) // Ci-ZF251,Pitx"
"run_1_lambda_64","Orphan bHLH-1,LAG1-like1,Pax2/5/8-A,small Maf,FoxB,Hox1,Zinc Finger (C2H2)-22 // Ci-ZF219,Ci-ZF298,Ci-ZF168,Net,FoxH-a,Zinc Finger (BTB/C2H2) // Ci-ZF251,Pitx"
"run_1_lambda_65","Orphan bHLH-1,LAG1-like1,Pax2/5/8-A,small Maf,FoxB,Hox1,Zinc Finger (C2H2)-22 // Ci-ZF219,Ci-ZF298,Ci-ZF168,Net,FoxH-a,Zinc Finger (BTB/C2H2) // Ci-ZF251,Pitx"
"run_1_lambda_66","Orphan bHLH-1,LAG1-like1,Pax2/5/8-A,small Maf,FoxB,Hox1,Zinc Finger (C2H2)-22 // Ci-ZF219,Ci-ZF298,Ci-ZF168,Net,FoxH-a,Zinc Finger (C2H2)-18 // Ci-ZF221,Zinc Finger (BTB/C2H2) // Ci-ZF251,Pitx"
"run_1_lambda_67","Orphan bHLH-1,LAG1-like1,Pax2/5/8-A,small Maf,FoxB,Hox1,Zinc Finger (C2H2)-22 // Ci-ZF219,Ci-ZF298,Ci-ZF168,Net,FoxH-a,Zinc Finger (C2H2)-18 // Ci-ZF221,Zinc Finger (BTB/C2H2) // Ci-ZF251,Pitx"
"run_1_lambda_68","Orphan bHLH-1,LAG1-like1,Pax2/5/8-A,small Maf,FoxB,Hox1,Zinc Finger (C2H2)-22 // Ci-ZF219,Ci-ZF298,Ci-ZF168,Net,FoxH-a,Zinc Finger (C2H2)-18 // Ci-ZF221,Zinc Finger (BTB/C2H2) // Ci-ZF251,Pitx"
"run_1_lambda_69","Orphan bHLH-1,LAG1-like1,Pax2/5/8-A,small Maf,FoxB,Hox1,Zinc Finger (C2H2)-22 // Ci-ZF219,Ci-ZF298,Ci-ZF168,Net,FoxH-a,Zinc Finger (C2H2)-18 // Ci-ZF221,Zinc Finger (BTB/C2H2) // Ci-ZF251,Pitx"
"run_1_lambda_70","Orphan bHLH-1,LAG1-like1,Pax2/5/8-A,small Maf,FoxB,Hox1,Zinc Finger (C2H2)-22 // Ci-ZF219,Ci-ZF298,Ci-ZF168,Net,FoxH-a,Zinc Finger (C2H2)-18 // Ci-ZF221,Zinc Finger (BTB/C2H2) // Ci-ZF251,Pitx"
"run_1_lambda_71","Orphan bHLH-1,LAG1-like1,Pax2/5/8-A,small Maf,FoxB,Hox1,Zinc Finger (C2H2)-22 // Ci-ZF219,Ci-ZF298,Ci-ZF168,Net,FoxH-a,Zinc Finger (C2H2)-18 // Ci-ZF221,Zinc Finger (BTB/C2H2) // Ci-ZF251,Pitx"
"run_1_lambda_72","Orphan bHLH-1,LAG1-like1,Pax2/5/8-A,small Maf,FoxB,Hox1,Zinc Finger (C2H2)-22 // Ci-ZF219,Ci-ZF298,Ci-ZF168,Net,FoxH-a,Zinc Finger (C2H2)-18 // Ci-ZF221,Zinc Finger (BTB/C2H2) // Ci-ZF251,Pitx"
"run_1_lambda_73","Orphan bHLH-1,LAG1-like1,Pax2/5/8-A,small Maf,FoxB,Hox1,Zinc Finger (C2H2)-22 // Ci-ZF219,Ci-ZF298,Ci-ZF168,Net,FoxH-a,Zinc Finger (C2H2)-18 // Ci-ZF221,Zinc Finger (BTB/C2H2) // Ci-ZF251,Pitx"
"run_1_lambda_74","Orphan bHLH-1,LAG1-like1,Pax2/5/8-A,small Maf,FoxB,Hox1,Zinc Finger (C2H2)-22 // Ci-ZF219,Ci-ZF298,Ci-ZF168,Net,FoxH-a,Zinc Finger (C2H2)-18 // Ci-ZF221,Zinc Finger (BTB/C2H2) // Ci-ZF251,Pitx"
"run_1_lambda_75","Orphan bHLH-1,LAG1-like1,Pax2/5/8-A,small Maf,FoxB,Hox1,Zinc Finger (C2H2)-22 // Ci-ZF219,Ci-ZF298,Ci-ZF168,Net,FoxH-a,Zinc Finger (C2H2)-18 // Ci-ZF221,Zinc Finger (BTB/C2H2) // Ci-ZF251,Pitx"
"run_1_lambda_76","Orphan bHLH-1,LAG1-like1,Pax2/5/8-A,small Maf,FoxB,Hox1,Zinc Finger (C2H2)-22 // Ci-ZF219,Ci-ZF298,Ci-ZF168,Net,FoxH-a,Zinc Finger (C2H2)-18 // Ci-ZF221,Zinc Finger (BTB/C2H2) // Ci-ZF251,Pitx"
"run_1_lambda_77","Orphan bHLH-1,LAG1-like1,Pax2/5/8-A,small Maf,FoxB,Hox1,Zinc Finger (C2H2)-22 // Ci-ZF219,Ci-ZF298,Ci-ZF168,Net,FoxH-a,Zinc Finger (C2H2)-18 // Ci-ZF221,Zinc Finger (BTB/C2H2) // Ci-ZF251,Pitx"
"run_1_lambda_78","Orphan bHLH-1,LAG1-like1,Pax2/5/8-A,small Maf,FoxB,Hox1,Zinc Finger (C2H2)-22 // Ci-ZF219,Ci-ZF298,Ci-ZF168,Net,FoxH-a,Zinc Finger (C2H2)-18 // Ci-ZF221,Zinc Finger (BTB/C2H2) // Ci-ZF251,Pitx"
"run_1_lambda_79","Orphan bHLH-1,LAG1-like1,Pax2/5/8-A,small Maf,FoxB,Hox1,Zinc Finger (C2H2)-22 // Ci-ZF219,Ci-ZF298,Ci-ZF168,Net,FoxH-a,Zinc Finger (C2H2)-18 // Ci-ZF221,Zinc Finger (BTB/C2H2) // Ci-ZF251,Pitx"
"run_1_lambda_80","Orphan bHLH-1,LAG1-like1,Pax2/5/8-A,small Maf,FoxB,Hox1,Zinc Finger (C2H2)-22 // Ci-ZF219,Ci-ZF298,Ci-ZF168,Net,FoxH-a,Zinc Finger (C2H2)-18 // Ci-ZF221,Zinc Finger (BTB/C2H2) // Ci-ZF251,Pitx"
"run_1_lambda_81","Orphan bHLH-1,LAG1-like1,Pax2/5/8-A,small Maf,FoxB,Hox1,Zinc Finger (C2H2)-22 // Ci-ZF219,Ci-ZF298,Ci-ZF168,Net,FoxH-a,Zinc Finger (C2H2)-18 // Ci-ZF221,Zinc Finger (BTB/C2H2) // Ci-ZF251,Pitx"
"run_1_lambda_82","Orphan bHLH-1,LAG1-like1,Pax2/5/8-A,small Maf,FoxB,Hox1,Zinc Finger (C2H2)-22 // Ci-ZF219,Ci-ZF298,Ci-ZF168,Net,FoxH-a,Zinc Finger (C2H2)-18 // Ci-ZF221,Zinc Finger (BTB/C2H2) // Ci-ZF251,Pitx"
"run_1_lambda_83","Orphan bHLH-1,LAG1-like1,Pax2/5/8-A,small Maf,FoxB,Hox1,Zinc Finger (C2H2)-22 // Ci-ZF219,Ci-ZF298,Ci-ZF168,Net,FoxH-a,Zinc Finger (C2H2)-18 // Ci-ZF221,Zinc Finger (BTB/C2H2) // Ci-ZF251,Pitx"
"run_1_lambda_84","Orphan bHLH-1,LAG1-like1,Pax2/5/8-A,small Maf,FoxB,Hox1,Zinc Finger (C2H2)-22 // Ci-ZF219,Ci-ZF298,Ci-ZF168,Net,FoxH-a,Zinc Finger (C2H2)-18 // Ci-ZF221,Zinc Finger (BTB/C2H2) // Ci-ZF251,Pitx"
"run_1_lambda_85","Orphan bHLH-1,LAG1-like1,Pax2/5/8-A,small Maf,FoxB,Hox1,Zinc Finger (C2H2)-22 // Ci-ZF219,Ci-ZF298,Ci-ZF168,Net,FoxH-a,Zinc Finger (C2H2)-18 // Ci-ZF221,Zinc Finger (BTB/C2H2) // Ci-ZF251,Pitx"
"run_1_lambda_86","Orphan bHLH-1,LAG1-like1,Pax2/5/8-A,small Maf,FoxB,Hox1,Zinc Finger (C2H2)-22 // Ci-ZF219,Ci-ZF298,Ci-ZF168,Net,FoxH-a,Zinc Finger (C2H2)-18 // Ci-ZF221,Zinc Finger (BTB/C2H2) // Ci-ZF251,Pitx"
"run_1_lambda_87","Orphan bHLH-1,LAG1-like1,Pax2/5/8-A,small Maf,FoxB,Hox1,Zinc Finger (C2H2)-22 // Ci-ZF219,Ci-ZF298,Ci-ZF168,Net,FoxH-a,Zinc Finger (C2H2)-18 // Ci-ZF221,Zinc Finger (BTB/C2H2) // Ci-ZF251,Pitx"
"run_1_lambda_88","Orphan bHLH-1,LAG1-like1,Pax2/5/8-A,small Maf,FoxB,Hox1,Zinc Finger (C2H2)-22 // Ci-ZF219,Ci-ZF298,Ci-ZF168,Net,FoxH-a,Zinc Finger (C2H2)-18 // Ci-ZF221,Zinc Finger (BTB/C2H2) // Ci-ZF251,Pitx"
"run_1_lambda_89","Orphan bHLH-1,LAG1-like1,Pax2/5/8-A,small Maf,FoxB,Hox1,Zinc Finger (C2H2)-22 // Ci-ZF219,Ci-ZF298,Ci-ZF168,Net,FoxH-a,Zinc Finger (C2H2)-18 // Ci-ZF221,Zinc Finger (BTB/C2H2) // Ci-ZF251,Pitx"
"run_1_lambda_90","Orphan bHLH-1,LAG1-like1,Pax2/5/8-A,small Maf,FoxB,Hox1,Zinc Finger (C2H2)-22 // Ci-ZF219,Ci-ZF298,Ci-ZF168,Net,FoxH-a,Zinc Finger (C2H2)-18 // Ci-ZF221,Zinc Finger (BTB/C2H2) // Ci-ZF251,Pitx"
"run_1_lambda_91","Orphan bHLH-1,LAG1-like1,Pax2/5/8-A,small Maf,FoxB,Hox1,Zinc Finger (C2H2)-22 // Ci-ZF219,Ci-ZF298,Ci-ZF168,Net,FoxH-a,Zinc Finger (C2H2)-18 // Ci-ZF221,Zinc Finger (BTB/C2H2) // Ci-ZF251,Pitx"
"run_1_lambda_92","Orphan bHLH-1,LAG1-like1,Pax2/5/8-A,small Maf,FoxB,Hox1,Zinc Finger (C2H2)-22 // Ci-ZF219,Ci-ZF298,Ci-ZF168,Net,FoxH-a,Zinc Finger (C2H2)-18 // Ci-ZF221,Zinc Finger (BTB/C2H2) // Ci-ZF251,Pitx"
"run_1_lambda_93","Orphan bHLH-1,LAG1-like1,Pax2/5/8-A,small Maf,FoxB,Hox1,Zinc Finger (C2H2)-22 // Ci-ZF219,Ci-ZF298,Ci-ZF168,Net,FoxH-a,Zinc Finger (C2H2)-18 // Ci-ZF221,Zinc Finger (BTB/C2H2) // Ci-ZF251,Pitx"
"run_1_lambda_94","Orphan bHLH-1,LAG1-like1,Pax2/5/8-A,small Maf,FoxB,Hox1,Zinc Finger (C2H2)-22 // Ci-ZF219,Ci-ZF298,Ci-ZF168,Net,FoxH-a,Zinc Finger (C2H2)-18 // Ci-ZF221,Zinc Finger (BTB/C2H2) // Ci-ZF251,Pitx"
"run_1_lambda_95","Orphan bHLH-1,LAG1-like1,Pax2/5/8-A,small Maf,FoxB,Hox1,Zinc Finger (C2H2)-22 // Ci-ZF219,Ci-ZF298,Ci-ZF168,Net,FoxH-a,Zinc Finger (C2H2)-18 // Ci-ZF221,Zinc Finger (BTB/C2H2) // Ci-ZF251,Pitx"
"run_1_lambda_96","Orphan bHLH-1,LAG1-like1,Pax2/5/8-A,small Maf,FoxB,Hox1,Zinc Finger (C2H2)-22 // Ci-ZF219,Ci-ZF298,Ci-ZF168,Net,FoxH-a,Zinc Finger (C2H2)-18 // Ci-ZF221,Zinc Finger (BTB/C2H2) // Ci-ZF251,Pitx"
"run_1_lambda_97","Orphan bHLH-1,LAG1-like1,Pax2/5/8-A,small Maf,FoxB,Hox1,Zinc Finger (C2H2)-22 // Ci-ZF219,Ci-ZF298,Ci-ZF168,Net,FoxH-a,Zinc Finger (C2H2)-18 // Ci-ZF221,Zinc Finger (BTB/C2H2) // Ci-ZF251,Pitx"
"run_1_lambda_98","Orphan bHLH-1,LAG1-like1,Pax2/5/8-A,small Maf,FoxB,Hox1,Zinc Finger (C2H2)-22 // Ci-ZF219,Ci-ZF298,Ci-ZF168,Net,FoxH-a,Zinc Finger (C2H2)-18 // Ci-ZF221,Zinc Finger (BTB/C2H2) // Ci-ZF251,Pitx"
"run_1_lambda_99","Orphan bHLH-1,LAG1-like1,Pax2/5/8-A,small Maf,FoxB,Hox1,Zinc Finger (C2H2)-22 // Ci-ZF219,Ci-ZF298,Ci-ZF168,Net,FoxH-a,Zinc Finger (C2H2)-18 // Ci-ZF221,Zinc Finger (BTB/C2H2) // Ci-ZF251,Pitx"
"run_1_lambda_100","Orphan bHLH-1,LAG1-like1,Pax2/5/8-A,small Maf,FoxB,Hox1,Zinc Finger (C2H2)-22 // Ci-ZF219,Ci-ZF298,Ci-ZF168,Net,FoxH-a,Zinc Finger (C2H2)-18 // Ci-ZF221,Zinc Finger (BTB/C2H2) // Ci-ZF251,Pitx"
"run_2_lambda_1",""
"run_2_lambda_2","Mbx/Dmbx"
"run_2_lambda_3","Mbx/Dmbx"
"run_2_lambda_4","Mbx/Dmbx"
"run_2_lambda_5","Mbx/Dmbx"
"run_2_lambda_6","Mbx/Dmbx"
"run_2_lambda_7","Mbx/Dmbx,Lhx1"
"run_2_lambda_8","Mbx/Dmbx,Lhx1"
"run_2_lambda_9","Mbx/Dmbx,Lhx1"
"run_2_lambda_10","Mbx/Dmbx,Lhx1"
"run_2_lambda_11","Mbx/Dmbx,Lhx1"
"run_2_lambda_12","Mbx/Dmbx,Lhx1"
"run_2_lambda_13","Mbx/Dmbx,Lhx1"
"run_2_lambda_14","Mbx/Dmbx,Lhx1"
"run_2_lambda_15","Mbx/Dmbx,Lhx1"
"run_2_lambda_16","Mbx/Dmbx,Lhx1"
"run_2_lambda_17","Mbx/Dmbx,Lhx1"
"run_2_lambda_18","Mbx/Dmbx,Lhx1"
"run_2_lambda_19","Mbx/Dmbx,Lhx1"
"run_2_lambda_20","Mbx/Dmbx,Lhx1"
"run_2_lambda_21","Mbx/Dmbx,Lhx1"
"run_2_lambda_22","Mbx/Dmbx,Lhx1,HMG1/2"
"run_2_lambda_23","Mbx/Dmbx,Lhx1,HMG1/2"
"run_2_lambda_24","Mbx/Dmbx,Lhx1,HMG1/2"
"run_2_lambda_25","Mbx/Dmbx,Lhx1,HMG1/2"
"run_2_lambda_26","Mbx/Dmbx,Lhx1,HMG1/2"
"run_2_lambda_27","Mbx/Dmbx,Lhx1,HMG1/2"
"run_2_lambda_28","Mbx/Dmbx,Lhx1,HMG1/2"
"run_2_lambda_29","Mbx/Dmbx,Lhx1,HMG1/2"
"run_2_lambda_30","Mbx/Dmbx,Orphan bHLH-1,Lhx1,HMG1/2,small Maf"
"run_2_lambda_31","Mbx/Dmbx,Orphan bHLH-1,Lhx1,HMG1/2,small Maf"
"run_2_lambda_32","Mbx/Dmbx,Orphan bHLH-1,Lhx1,HMG1/2,small Maf"
"run_2_lambda_33","Mbx/Dmbx,Orphan bHLH-1,Lhx1,HMG1/2,small Maf"
"run_2_lambda_34","Mbx/Dmbx,Orphan bHLH-1,Lhx1,HMG1/2,small Maf"
"run_2_lambda_35","Mbx/Dmbx,Orphan bHLH-1,Lhx1,HMG1/2,small Maf"
"run_2_lambda_36","Mbx/Dmbx,Orphan bHLH-1,Lhx1,HMG1/2,small Maf"
"run_2_lambda_37","Mbx/Dmbx,Orphan bHLH-1,Lhx1,HMG1/2,small Maf"
"run_2_lambda_38","Mbx/Dmbx,Orphan bHLH-1,Lhx1,HMG1/2,small Maf"
"run_2_lambda_39","Mbx/Dmbx,Orphan bHLH-1,Lhx1,HMG1/2,small Maf"
"run_2_lambda_40","Mbx/Dmbx,Orphan bHLH-1,Lhx1,HMG1/2,small Maf"
"run_2_lambda_41","Mbx/Dmbx,Orphan bHLH-1,Lhx1,HMG1/2,small Maf,FoxB"
"run_2_lambda_42","Mbx/Dmbx,Orphan bHLH-1,Lhx1,HMG1/2,Pax2/5/8-A,small Maf,FoxB"
"run_2_lambda_43","Mbx/Dmbx,Orphan bHLH-1,Lhx1,HMG1/2,Pax2/5/8-A,small Maf,FoxB,Ci-ZF168"
"run_2_lambda_44","Mbx/Dmbx,Orphan bHLH-1,Lhx1,HMG1/2,Pax2/5/8-A,small Maf,FoxB,Ci-ZF168"
"run_2_lambda_45","Mbx/Dmbx,Orphan bHLH-1,Lhx1,HMG1/2,Pax2/5/8-A,small Maf,FoxB,Ci-ZF168"
"run_2_lambda_46","Mbx/Dmbx,Orphan bHLH-1,Lhx1,HMG1/2,LAG1-like1,Pax2/5/8-A,small Maf,FoxB,Ci-ZF168"
"run_2_lambda_47","Mbx/Dmbx,Orphan bHLH-1,Lhx1,HMG1/2,LAG1-like1,Ci-ZF155,Pax2/5/8-A,small Maf,FoxB,Ci-ZF168,Net"
"run_2_lambda_48","Orphan bHLH-1,Lhx1,HMG1/2,LAG1-like1,Ci-ZF155,Pax2/5/8-A,small Maf,FoxB,Ci-ZF168,Net,Zinc Finger (BTB/C2H2) // Ci-ZF251,Pitx"
"run_2_lambda_49","Orphan bHLH-1,Lhx1,HMG1/2,LAG1-like1,Ci-ZF155,Pax2/5/8-A,small Maf,FoxB,Hox1,Ci-ZF298,Ci-ZF168,Net,Zinc Finger (BTB/C2H2) // Ci-ZF251,Pitx"
"run_2_lambda_50","HMG1/2,LAG1-like1,Ci-ZF155,Pax2/5/8-A,small Maf,FoxB,Hox1,Ci-ZF298,Ci-ZF168,Net,FoxH-a,Zinc Finger (BTB/C2H2) // Ci-ZF251,Pitx"
"run_2_lambda_51","HMG1/2,LAG1-like1,Ci-ZF155,Pax2/5/8-A,small Maf,FoxB,Hox1,Zinc Finger (C2H2)-22 // Ci-ZF219,Ci-ZF298,Ci-ZF168,Net,FoxH-a,Zinc Finger (BTB/C2H2) // Ci-ZF251,Pitx"
"run_2_lambda_52","HMG1/2,LAG1-like1,Ci-ZF155,Pax2/5/8-A,small Maf,FoxB,Hox1,Zinc Finger (C2H2)-22 // Ci-ZF219,Ci-ZF298,Ci-ZF168,Net,FoxH-a,Zinc Finger (BTB/C2H2) // Ci-ZF251,Pitx"
"run_2_lambda_53","HMG1/2,LAG1-like1,Ci-ZF155,Pax2/5/8-A,small Maf,FoxB,Hox1,Zinc Finger (C2H2)-22 // Ci-ZF219,Ci-ZF298,Ci-ZF168,Net,FoxH-a,Zinc Finger (BTB/C2H2) // Ci-ZF251,Pitx"
"run_2_lambda_54","HMG1/2,LAG1-like1,Ci-ZF155,Pax2/5/8-A,small Maf,FoxB,Hox1,Zinc Finger (C2H2)-22 // Ci-ZF219,Ci-ZF298,Ci-ZF168,Net,FoxH-a,Zinc Finger (BTB/C2H2) // Ci-ZF251,Pitx"
"run_2_lambda_55","HMG1/2,LAG1-like1,Ci-ZF155,Pax2/5/8-A,small Maf,FoxB,Hox1,Zinc Finger (C2H2)-22 // Ci-ZF219,Ci-ZF298,Ci-ZF168,Net,FoxH-a,Zinc Finger (BTB/C2H2) // Ci-ZF251,Pitx"
"run_2_lambda_56","HMG1/2,LAG1-like1,Ci-ZF155,Pax2/5/8-A,small Maf,FoxB,Hox1,Zinc Finger (C2H2)-22 // Ci-ZF219,Ci-ZF298,Ci-ZF168,Net,FoxH-a,Zinc Finger (C2H2)-18 // Ci-ZF221,Zinc Finger (BTB/C2H2) // Ci-ZF251,Pitx"
"run_2_lambda_57","HMG1/2,LAG1-like1,Ci-ZF155,Pax2/5/8-A,small Maf,FoxB,Hox1,Zinc Finger (C2H2)-22 // Ci-ZF219,Ci-ZF298,Ci-ZF168,Net,FoxH-a,Zinc Finger (C2H2)-18 // Ci-ZF221,Zinc Finger (BTB/C2H2) // Ci-ZF251,Pitx"
"run_2_lambda_58","HMG1/2,LAG1-like1,Ci-ZF155,Pax2/5/8-A,small Maf,FoxB,Hox1,Zinc Finger (C2H2)-22 // Ci-ZF219,Ci-ZF298,Ci-ZF168,Net,FoxH-a,Zinc Finger (C2H2)-18 // Ci-ZF221,Zinc Finger (BTB/C2H2) // Ci-ZF251,Pitx"
"run_2_lambda_59","HMG1/2,LAG1-like1,Ci-ZF155,Pax2/5/8-A,small Maf,FoxB,Hox1,Zinc Finger (C2H2)-22 // Ci-ZF219,Ci-ZF298,Ci-ZF168,Net,FoxH-a,Zinc Finger (C2H2)-18 // Ci-ZF221,Zinc Finger (BTB/C2H2) // Ci-ZF251,Pitx"
"run_2_lambda_60","HMG1/2,LAG1-like1,Ci-ZF155,Pax2/5/8-A,small Maf,FoxB,Hox1,Zinc Finger (C2H2)-22 // Ci-ZF219,Ci-ZF298,Ci-ZF168,Net,FoxH-a,Zinc Finger (C2H2)-18 // Ci-ZF221,Zinc Finger (BTB/C2H2) // Ci-ZF251,Pitx"
"run_2_lambda_61","LAG1-like1,Ci-ZF155,Pax2/5/8-A,small Maf,FoxB,Hox1,Zinc Finger (C2H2)-22 // Ci-ZF219,Ci-ZF298,Ci-ZF168,Net,FoxH-a,Zinc Finger (C2H2)-18 // Ci-ZF221,Zinc Finger (BTB/C2H2) // Ci-ZF251,Pitx"
"run_2_lambda_62","LAG1-like1,Ci-ZF155,Pax2/5/8-A,small Maf,Hox1,Zinc Finger (C2H2)-22 // Ci-ZF219,Ci-ZF298,Ci-ZF168,Net,FoxH-a,Zinc Finger (C2H2)-18 // Ci-ZF221,Zinc Finger (BTB/C2H2) // Ci-ZF251,Pitx"
"run_2_lambda_63","LAG1-like1,Ci-ZF155,Pax2/5/8-A,small Maf,Hox1,Zinc Finger (C2H2)-22 // Ci-ZF219,Ci-ZF298,Ci-ZF168,Net,FoxH-a,Zinc Finger (C2H2)-18 // Ci-ZF221,Zinc Finger (BTB/C2H2) // Ci-ZF251,Pitx"
"run_2_lambda_64","LAG1-like1,Ci-ZF155,Pax2/5/8-A,small Maf,Hox1,Zinc Finger (C2H2)-22 // Ci-ZF219,Ci-ZF298,Ci-ZF168,Net,FoxH-a,Zinc Finger (C2H2)-18 // Ci-ZF221,Zinc Finger (BTB/C2H2) // Ci-ZF251,Pitx"
"run_2_lambda_65","LAG1-like1,Ci-ZF155,Pax2/5/8-A,small Maf,Hox1,Zinc Finger (C2H2)-22 // Ci-ZF219,Ci-ZF298,Ci-ZF168,Net,FoxH-a,Zinc Finger (C2H2)-18 // Ci-ZF221,Zinc Finger (BTB/C2H2) // Ci-ZF251,Pitx"
"run_2_lambda_66","LAG1-like1,Pax2/5/8-A,small Maf,Hox1,Zinc Finger (C2H2)-22 // Ci-ZF219,Ci-ZF298,Ci-ZF168,Net,FoxH-a,Zinc Finger (C2H2)-18 // Ci-ZF221,Zinc Finger (BTB/C2H2) // Ci-ZF251,Pitx"
"run_2_lambda_67","LAG1-like1,Pax2/5/8-A,small Maf,Hox1,Zinc Finger (C2H2)-22 // Ci-ZF219,Ci-ZF298,Ci-ZF168,Net,FoxH-a,Zinc Finger (C2H2)-18 // Ci-ZF221,Zinc Finger (BTB/C2H2) // Ci-ZF251,Pitx"
"run_2_lambda_68","LAG1-like1,Pax2/5/8-A,small Maf,Hox1,Zinc Finger (C2H2)-22 // Ci-ZF219,Ci-ZF298,Ci-ZF168,Net,FoxH-a,Zinc Finger (C2H2)-18 // Ci-ZF221,Zinc Finger (BTB/C2H2) // Ci-ZF251,Pitx"
"run_2_lambda_69","LAG1-like1,Pax2/5/8-A,small Maf,Hox1,Zinc Finger (C2H2)-22 // Ci-ZF219,Ci-ZF298,Ci-ZF168,Net,FoxH-a,Zinc Finger (C2H2)-18 // Ci-ZF221,Zinc Finger (BTB/C2H2) // Ci-ZF251,Pitx"
"run_2_lambda_70","LAG1-like1,Pax2/5/8-A,small Maf,Hox1,Zinc Finger (C2H2)-22 // Ci-ZF219,Ci-ZF298,Ci-ZF168,Net,FoxH-a,Zinc Finger (C2H2)-18 // Ci-ZF221,Zinc Finger (BTB/C2H2) // Ci-ZF251,Pitx"
"run_2_lambda_71","LAG1-like1,Pax2/5/8-A,small Maf,Hox1,Zinc Finger (C2H2)-22 // Ci-ZF219,Ci-ZF298,Ci-ZF168,Net,FoxH-a,Zinc Finger (C2H2)-18 // Ci-ZF221,Zinc Finger (BTB/C2H2) // Ci-ZF251,Pitx"
"run_2_lambda_72","LAG1-like1,Pax2/5/8-A,small Maf,Hox1,Zinc Finger (C2H2)-22 // Ci-ZF219,Ci-ZF298,Ci-ZF168,Net,FoxH-a,Zinc Finger (C2H2)-18 // Ci-ZF221,Zinc Finger (BTB/C2H2) // Ci-ZF251,Pitx"
"run_2_lambda_73","LAG1-like1,Pax2/5/8-A,small Maf,Hox1,Zinc Finger (C2H2)-22 // Ci-ZF219,Ci-ZF298,Ci-ZF168,Net,FoxH-a,Zinc Finger (C2H2)-18 // Ci-ZF221,Zinc Finger (BTB/C2H2) // Ci-ZF251,Pitx"
"run_2_lambda_74","LAG1-like1,Pax2/5/8-A,small Maf,Hox1,Zinc Finger (C2H2)-22 // Ci-ZF219,Ci-ZF298,Ci-ZF168,Net,FoxH-a,Zinc Finger (C2H2)-18 // Ci-ZF221,Zinc Finger (BTB/C2H2) // Ci-ZF251,Pitx"
"run_2_lambda_75","LAG1-like1,Ci-ZF155,Pax2/5/8-A,small Maf,Hox1,Zinc Finger (C2H2)-22 // Ci-ZF219,Ci-ZF298,Ci-ZF168,Net,FoxH-a,Zinc Finger (C2H2)-18 // Ci-ZF221,Zinc Finger (BTB/C2H2) // Ci-ZF251,Pitx"
"run_2_lambda_76","LAG1-like1,Ci-ZF155,Pax2/5/8-A,small Maf,Hox1,Zinc Finger (C2H2)-22 // Ci-ZF219,Ci-ZF298,Ci-ZF168,Net,FoxH-a,Zinc Finger (C2H2)-18 // Ci-ZF221,Zinc Finger (BTB/C2H2) // Ci-ZF251,Pitx"
"run_2_lambda_77","LAG1-like1,Ci-ZF155,Pax2/5/8-A,small Maf,Hox1,Zinc Finger (C2H2)-22 // Ci-ZF219,Ci-ZF298,Ci-ZF168,Net,FoxH-a,Zinc Finger (C2H2)-18 // Ci-ZF221,Zinc Finger (BTB/C2H2) // Ci-ZF251,Pitx"
"run_2_lambda_78","LAG1-like1,Ci-ZF155,Pax2/5/8-A,small Maf,Hox1,Zinc Finger (C2H2)-22 // Ci-ZF219,Ci-ZF298,Ci-ZF168,Net,FoxH-a,Zinc Finger (C2H2)-18 // Ci-ZF221,Zinc Finger (BTB/C2H2) // Ci-ZF251,Pitx"
"run_2_lambda_79","LAG1-like1,Ci-ZF155,Pax2/5/8-A,small Maf,Hox1,Zinc Finger (C2H2)-22 // Ci-ZF219,Ci-ZF298,Ci-ZF168,Net,FoxH-a,Zinc Finger (C2H2)-18 // Ci-ZF221,Zinc Finger (BTB/C2H2) // Ci-ZF251,Pitx"
"run_2_lambda_80","LAG1-like1,Ci-ZF155,Pax2/5/8-A,small Maf,Hox1,Zinc Finger (C2H2)-22 // Ci-ZF219,Ci-ZF298,Ci-ZF168,Net,FoxH-a,Zinc Finger (C2H2)-18 // Ci-ZF221,Zinc Finger (BTB/C2H2) // Ci-ZF251,Pitx"
"run_2_lambda_81","LAG1-like1,Ci-ZF155,Pax2/5/8-A,small Maf,Hox1,Zinc Finger (C2H2)-22 // Ci-ZF219,Ci-ZF298,Ci-ZF168,Net,FoxH-a,Zinc Finger (C2H2)-18 // Ci-ZF221,Zinc Finger (BTB/C2H2) // Ci-ZF251,Pitx"
"run_2_lambda_82","LAG1-like1,Ci-ZF155,Pax2/5/8-A,small Maf,Hox1,Zinc Finger (C2H2)-22 // Ci-ZF219,Ci-ZF298,Ci-ZF168,Net,FoxH-a,Zinc Finger (C2H2)-18 // Ci-ZF221,Zinc Finger (BTB/C2H2) // Ci-ZF251,Pitx"
"run_2_lambda_83","LAG1-like1,Ci-ZF155,Pax2/5/8-A,small Maf,Hox1,Zinc Finger (C2H2)-22 // Ci-ZF219,Ci-ZF298,Ci-ZF168,Net,FoxH-a,Zinc Finger (C2H2)-18 // Ci-ZF221,Zinc Finger (BTB/C2H2) // Ci-ZF251,Pitx"
"run_2_lambda_84","LAG1-like1,Ci-ZF155,Pax2/5/8-A,small Maf,Hox1,Zinc Finger (C2H2)-22 // Ci-ZF219,Ci-ZF298,Ci-ZF168,Net,FoxH-a,Zinc Finger (C2H2)-18 // Ci-ZF221,Zinc Finger (BTB/C2H2) // Ci-ZF251,Pitx"
"run_2_lambda_85","LAG1-like1,Ci-ZF155,Pax2/5/8-A,small Maf,Hox1,Zinc Finger (C2H2)-22 // Ci-ZF219,Ci-ZF298,Ci-ZF168,Net,FoxH-a,Zinc Finger (C2H2)-18 // Ci-ZF221,Zinc Finger (BTB/C2H2) // Ci-ZF251,Pitx"
"run_2_lambda_86","LAG1-like1,Ci-ZF155,Pax2/5/8-A,small Maf,Hox1,Zinc Finger (C2H2)-22 // Ci-ZF219,Ci-ZF298,Ci-ZF168,Net,FoxH-a,Zinc Finger (C2H2)-18 // Ci-ZF221,Zinc Finger (BTB/C2H2) // Ci-ZF251,Pitx"
"run_2_lambda_87","Ci-ZF155,Pax2/5/8-A,small Maf,Hox1,Zinc Finger (C2H2)-22 // Ci-ZF219,Ci-ZF298,Ci-ZF168,Net,FoxH-a,Zinc Finger (C2H2)-18 // Ci-ZF221,Zinc Finger (BTB/C2H2) // Ci-ZF251,Pitx"
"run_2_lambda_88","Ci-ZF155,Pax2/5/8-A,small Maf,Hox1,Zinc Finger (C2H2)-22 // Ci-ZF219,Ci-ZF298,Ci-ZF168,Net,FoxH-a,Zinc Finger (C2H2)-18 // Ci-ZF221,Zinc Finger (BTB/C2H2) // Ci-ZF251,Pitx"
"run_2_lambda_89","Ci-ZF155,Pax2/5/8-A,small Maf,Hox1,Zinc Finger (C2H2)-22 // Ci-ZF219,Ci-ZF298,Ci-ZF168,Net,FoxH-a,Zinc Finger (C2H2)-18 // Ci-ZF221,Zinc Finger (BTB/C2H2) // Ci-ZF251,Pitx"
"run_2_lambda_90","Ci-ZF155,Pax2/5/8-A,small Maf,Hox1,Zinc Finger (C2H2)-22 // Ci-ZF219,Ci-ZF298,Ci-ZF168,Net,FoxH-a,Zinc Finger (C2H2)-18 // Ci-ZF221,Zinc Finger (BTB/C2H2) // Ci-ZF251,Pitx"
"run_2_lambda_91","Ci-ZF155,Pax2/5/8-A,small Maf,Hox1,Zinc Finger (C2H2)-22 // Ci-ZF219,Ci-ZF298,Ci-ZF168,Net,FoxH-a,Zinc Finger (C2H2)-18 // Ci-ZF221,Zinc Finger (BTB/C2H2) // Ci-ZF251,Pitx"
"run_2_lambda_92","Ci-ZF155,Pax2/5/8-A,small Maf,Hox1,Zinc Finger (C2H2)-22 // Ci-ZF219,Ci-ZF298,Ci-ZF168,Net,FoxH-a,Zinc Finger (C2H2)-18 // Ci-ZF221,Zinc Finger (BTB/C2H2) // Ci-ZF251,Pitx"
"run_2_lambda_93","Ci-ZF155,Pax2/5/8-A,small Maf,Hox1,Zinc Finger (C2H2)-22 // Ci-ZF219,Ci-ZF298,Ci-ZF168,Net,FoxH-a,Zinc Finger (C2H2)-18 // Ci-ZF221,Zinc Finger (BTB/C2H2) // Ci-ZF251,Pitx"
"run_2_lambda_94","Ci-ZF155,Pax2/5/8-A,small Maf,Hox1,Zinc Finger (C2H2)-22 // Ci-ZF219,Ci-ZF298,Ci-ZF168,Net,FoxH-a,Zinc Finger (C2H2)-18 // Ci-ZF221,Zinc Finger (BTB/C2H2) // Ci-ZF251,Pitx"
"run_2_lambda_95","Ci-ZF155,Pax2/5/8-A,small Maf,Hox1,Zinc Finger (C2H2)-22 // Ci-ZF219,Ci-ZF298,Ci-ZF168,Net,FoxH-a,Zinc Finger (C2H2)-18 // Ci-ZF221,Zinc Finger (BTB/C2H2) // Ci-ZF251,Pitx"
"run_2_lambda_96","Ci-ZF155,Pax2/5/8-A,small Maf,Hox1,Zinc Finger (C2H2)-22 // Ci-ZF219,Ci-ZF298,Ci-ZF168,Net,FoxH-a,Zinc Finger (C2H2)-18 // Ci-ZF221,Zinc Finger (BTB/C2H2) // Ci-ZF251,Pitx"
"run_2_lambda_97","Ci-ZF155,Pax2/5/8-A,small Maf,Hox1,Zinc Finger (C2H2)-22 // Ci-ZF219,Ci-ZF298,Ci-ZF168,Net,FoxH-a,Zinc Finger (C2H2)-18 // Ci-ZF221,Zinc Finger (BTB/C2H2) // Ci-ZF251,Pitx"
"run_2_lambda_98","Ci-ZF155,Pax2/5/8-A,small Maf,Hox1,Zinc Finger (C2H2)-22 // Ci-ZF219,Ci-ZF298,Ci-ZF168,Net,FoxH-a,Zinc Finger (C2H2)-18 // Ci-ZF221,Zinc Finger (BTB/C2H2) // Ci-ZF251,Pitx"
"run_2_lambda_99","Ci-ZF155,Pax2/5/8-A,small Maf,Hox1,Zinc Finger (C2H2)-22 // Ci-ZF219,Ci-ZF298,Ci-ZF168,Net,FoxH-a,Zinc Finger (C2H2)-18 // Ci-ZF221,Zinc Finger (BTB/C2H2) // Ci-ZF251,Pitx"
"run_2_lambda_100","Ci-ZF155,Pax2/5/8-A,small Maf,Hox1,Zinc Finger (C2H2)-22 // Ci-ZF219,Ci-ZF298,Ci-ZF168,Net,FoxH-a,Zinc Finger (C2H2)-18 // Ci-ZF221,Zinc Finger (BTB/C2H2) // Ci-ZF251,Pitx"
"run_3_lambda_1",""
"run_3_lambda_2","Mbx/Dmbx"
"run_3_lambda_3","Mbx/Dmbx"
"run_3_lambda_4","Mbx/Dmbx,Lhx1"
"run_3_lambda_5","Mbx/Dmbx,Lhx1"
"run_3_lambda_6","Mbx/Dmbx,Lhx1"
"run_3_lambda_7","Mbx/Dmbx,Lhx1"
"run_3_lambda_8","Mbx/Dmbx,Lhx1"
"run_3_lambda_9","Mbx/Dmbx,Lhx1"
"run_3_lambda_10","Mbx/Dmbx,Lhx1"
"run_3_lambda_11","Mbx/Dmbx,Lhx1"
"run_3_lambda_12","Mbx/Dmbx,Lhx1"
"run_3_lambda_13","Mbx/Dmbx,Lhx1"
"run_3_lambda_14","Mbx/Dmbx,Lhx1"
"run_3_lambda_15","Mbx/Dmbx,Lhx1"
"run_3_lambda_16","Mbx/Dmbx,Lhx1"
"run_3_lambda_17","Mbx/Dmbx,Lhx1"
"run_3_lambda_18","Mbx/Dmbx,Lhx1"
"run_3_lambda_19","Mbx/Dmbx,Lhx1"
"run_3_lambda_20","Mbx/Dmbx,Lhx1"
"run_3_lambda_21","Mbx/Dmbx,Lhx1,HMG1/2"
"run_3_lambda_22","Mbx/Dmbx,Lhx1,HMG1/2"
"run_3_lambda_23","Mbx/Dmbx,Lhx1,HMG1/2"
"run_3_lambda_24","Mbx/Dmbx,Lhx1,HMG1/2"
"run_3_lambda_25","Mbx/Dmbx,Lhx1,HMG1/2"
"run_3_lambda_26","Mbx/Dmbx,Lhx1,HMG1/2"
"run_3_lambda_27","Mbx/Dmbx,Lhx1,HMG1/2,LAG1-like1"
"run_3_lambda_28","Mbx/Dmbx,Lhx1,HMG1/2,LAG1-like1"
"run_3_lambda_29","Mbx/Dmbx,Lhx1,HMG1/2,LAG1-like1"
"run_3_lambda_30","Mbx/Dmbx,Lhx1,HMG1/2,LAG1-like1"
"run_3_lambda_31","Mbx/Dmbx,Lhx1,HMG1/2,LAG1-like1"
"run_3_lambda_32","Mbx/Dmbx,Lhx1,HMG1/2,LAG1-like1"
"run_3_lambda_33","Mbx/Dmbx,Lhx1,HMG1/2,LAG1-like1"
"run_3_lambda_34","Mbx/Dmbx,Lhx1,HMG1/2,LAG1-like1"
"run_3_lambda_35","Mbx/Dmbx,Orphan bHLH-1,Lhx1,HMG1/2,LAG1-like1"
"run_3_lambda_36","Mbx/Dmbx,Orphan bHLH-1,Lhx1,HMG1/2,LAG1-like1"
"run_3_lambda_37","Mbx/Dmbx,Orphan bHLH-1,Lhx1,HMG1/2,LAG1-like1"
"run_3_lambda_38","Mbx/Dmbx,Orphan bHLH-1,Lhx1,HMG1/2,LAG1-like1"
"run_3_lambda_39","Mbx/Dmbx,Orphan bHLH-1,Lhx1,HMG1/2,LAG1-like1"
"run_3_lambda_40","Mbx/Dmbx,Orphan bHLH-1,Lhx1,HMG1/2,LAG1-like1"
"run_3_lambda_41","Mbx/Dmbx,Orphan bHLH-1,Lhx1,HMG1/2,LAG1-like1"
"run_3_lambda_42","Orphan bHLH-1,Lhx1,HMG1/2,LAG1-like1,FoxB"
"run_3_lambda_43","Orphan bHLH-1,Lhx1,HMG1/2,LAG1-like1,Pax2/5/8-A,small Maf,FoxB"
"run_3_lambda_44","Orphan bHLH-1,Lhx1,HMG1/2,LAG1-like1,Pax2/5/8-A,small Maf,FoxB"
"run_3_lambda_45","Orphan bHLH-1,Lhx1,HMG1/2,LAG1-like1,Pax2/5/8-A,small Maf,FoxB"
"run_3_lambda_46","Orphan bHLH-1,Lhx1,HMG1/2,LAG1-like1,Pax2/5/8-A,small Maf,FoxB,Zinc Finger (C2H2)-22 // Ci-ZF219"
"run_3_lambda_47","Orphan bHLH-1,Lhx1,HMG1/2,LAG1-like1,Pax2/5/8-A,small Maf,FoxB,Zinc Finger (C2H2)-22 // Ci-ZF219,Net"
"run_3_lambda_48","Orphan bHLH-1,Lhx1,HMG1/2,LAG1-like1,Pax2/5/8-A,small Maf,FoxB,Zinc Finger (C2H2)-22 // Ci-ZF219,Ci-ZF168,Net"
"run_3_lambda_49","Orphan bHLH-1,Lhx1,HMG1/2,LAG1-like1,Pax2/5/8-A,small Maf,FoxB,Hox1,Zinc Finger (C2H2)-22 // Ci-ZF219,Ci-ZF168,Net"
"run_3_lambda_50","Orphan bHLH-1,Lhx1,HMG1/2,LAG1-like1,Pax2/5/8-A,small Maf,FoxB,Hox1,Zinc Finger (C2H2)-22 // Ci-ZF219,Ci-ZF298,Ci-ZF168,Net,FoxH-a"
"run_3_lambda_51","Orphan bHLH-1,Lhx1,HMG1/2,LAG1-like1,Pax2/5/8-A,small Maf,FoxB,Hox1,Zinc Finger (C2H2)-22 // Ci-ZF219,Ci-ZF298,Ci-ZF168,Net,FoxH-a"
"run_3_lambda_52","Orphan bHLH-1,HMG1/2,LAG1-like1,Pax2/5/8-A,small Maf,FoxB,Hox1,Zinc Finger (C2H2)-22 // Ci-ZF219,Ci-ZF298,Ci-ZF168,Net,FoxH-a,Pitx"
"run_3_lambda_53","Orphan bHLH-1,HMG1/2,LAG1-like1,Pax2/5/8-A,small Maf,FoxB,Hox1,Zinc Finger (C2H2)-22 // Ci-ZF219,Ci-ZF298,Ci-ZF168,Net,FoxH-a,Pitx"
"run_3_lambda_54","Orphan bHLH-1,HMG1/2,LAG1-like1,Pax2/5/8-A,small Maf,FoxB,Hox1,Zinc Finger (C2H2)-22 // Ci-ZF219,Ci-ZF298,Ci-ZF168,Net,FoxH-a,Pitx"
"run_3_lambda_55","Orphan bHLH-1,HMG1/2,LAG1-like1,Pax2/5/8-A,small Maf,FoxB,Hox1,Zinc Finger (C2H2)-22 // Ci-ZF219,Ci-ZF298,Ci-ZF168,Net,FoxH-a,Pitx"
"run_3_lambda_56","Orphan bHLH-1,HMG1/2,LAG1-like1,Pax2/5/8-A,small Maf,FoxB,Hox1,Zinc Finger (C2H2)-22 // Ci-ZF219,Ci-ZF298,Ci-ZF168,Net,FoxH-a,Pitx"
"run_3_lambda_57","Orphan bHLH-1,HMG1/2,LAG1-like1,Pax2/5/8-A,small Maf,FoxB,Hox1,Zinc Finger (C2H2)-22 // Ci-ZF219,Ci-ZF298,Ci-ZF168,Net,FoxH-a,Pitx"
"run_3_lambda_58","Orphan bHLH-1,HMG1/2,LAG1-like1,Pax2/5/8-A,small Maf,FoxB,Hox1,Zinc Finger (C2H2)-22 // Ci-ZF219,Ci-ZF298,Ci-ZF168,Net,FoxH-a,Pitx"
"run_3_lambda_59","Orphan bHLH-1,LAG1-like1,Pax2/5/8-A,small Maf,FoxB,Hox1,Zinc Finger (C2H2)-22 // Ci-ZF219,Ci-ZF298,Ci-ZF168,Net,FoxH-a,Pitx"
"run_3_lambda_60","Orphan bHLH-1,Pax2/5/8-A,small Maf,FoxB,Hox1,Zinc Finger (C2H2)-22 // Ci-ZF219,Ci-ZF298,Ci-ZF168,Net,FoxH-a,Pitx"
"run_3_lambda_61","Orphan bHLH-1,Pax2/5/8-A,small Maf,FoxB,Hox1,Zinc Finger (C2H2)-22 // Ci-ZF219,Ci-ZF298,Ci-ZF168,Net,FoxH-a,Pitx"
"run_3_lambda_62","Orphan bHLH-1,Pax2/5/8-A,small Maf,FoxB,Hox1,Zinc Finger (C2H2)-22 // Ci-ZF219,Ci-ZF298,Ci-ZF168,Net,FoxH-a,Pitx"
"run_3_lambda_63","Orphan bHLH-1,Pax2/5/8-A,small Maf,FoxB,Hox1,Zinc Finger (C2H2)-22 // Ci-ZF219,Ci-ZF298,Ci-ZF168,Net,FoxH-a,Pitx"
"run_3_lambda_64","Orphan bHLH-1,Pax2/5/8-A,small Maf,FoxB,Hox1,Zinc Finger (C2H2)-22 // Ci-ZF219,Ci-ZF298,Ci-ZF168,Net,FoxH-a,Pitx"
"run_3_lambda_65","Orphan bHLH-1,Pax2/5/8-A,small Maf,FoxB,Hox1,Zinc Finger (C2H2)-22 // Ci-ZF219,Ci-ZF298,Ci-ZF168,Net,FoxH-a,Pitx"
"run_3_lambda_66","Orphan bHLH-1,Pax2/5/8-A,small Maf,FoxB,Hox1,Zinc Finger (C2H2)-22 // Ci-ZF219,Ci-ZF298,Ci-ZF168,Net,FoxH-a,Zinc Finger (C2H2)-18 // Ci-ZF221,Pitx"
"run_3_lambda_67","Orphan bHLH-1,Pax2/5/8-A,small Maf,FoxB,Hox1,Zinc Finger (C2H2)-22 // Ci-ZF219,Ci-ZF298,Ci-ZF168,Net,FoxH-a,Zinc Finger (C2H2)-18 // Ci-ZF221,Pitx"
"run_3_lambda_68","Orphan bHLH-1,Pax2/5/8-A,small Maf,FoxB,Hox1,Zinc Finger (C2H2)-22 // Ci-ZF219,Ci-ZF298,Ci-ZF168,Net,FoxH-a,Zinc Finger (C2H2)-18 // Ci-ZF221,Pitx"
"run_3_lambda_69","Orphan bHLH-1,Pax2/5/8-A,small Maf,FoxB,Hox1,Zinc Finger (C2H2)-22 // Ci-ZF219,Ci-ZF298,Ci-ZF168,Net,FoxH-a,Zinc Finger (C2H2)-18 // Ci-ZF221,Pitx"
"run_3_lambda_70","Orphan bHLH-1,Pax2/5/8-A,small Maf,FoxB,Hox1,Zinc Finger (C2H2)-22 // Ci-ZF219,Ci-ZF298,Ci-ZF168,Net,FoxH-a,Zinc Finger (C2H2)-18 // Ci-ZF221,Pitx"
"run_3_lambda_71","Orphan bHLH-1,Pax2/5/8-A,small Maf,FoxB,Hox1,Zinc Finger (C2H2)-22 // Ci-ZF219,Ci-ZF298,Ci-ZF168,Net,FoxH-a,Zinc Finger (C2H2)-18 // Ci-ZF221,Pitx"
"run_3_lambda_72","Orphan bHLH-1,Pax2/5/8-A,small Maf,FoxB,Hox1,Zinc Finger (C2H2)-22 // Ci-ZF219,Ci-ZF298,Ci-ZF168,Net,FoxH-a,Zinc Finger (C2H2)-18 // Ci-ZF221,Pitx"
"run_3_lambda_73","Orphan bHLH-1,Pax2/5/8-A,small Maf,FoxB,Hox1,Zinc Finger (C2H2)-22 // Ci-ZF219,Ci-ZF298,Ci-ZF168,Net,FoxH-a,Zinc Finger (C2H2)-18 // Ci-ZF221,Pitx"
"run_3_lambda_74","Orphan bHLH-1,Pax2/5/8-A,small Maf,FoxB,Hox1,Zinc Finger (C2H2)-22 // Ci-ZF219,Ci-ZF298,Ci-ZF168,Net,FoxH-a,Zinc Finger (C2H2)-18 // Ci-ZF221,Pitx"
"run_3_lambda_75","Orphan bHLH-1,Pax2/5/8-A,small Maf,FoxB,Hox1,Zinc Finger (C2H2)-22 // Ci-ZF219,Ci-ZF298,Ci-ZF168,Net,FoxH-a,Zinc Finger (C2H2)-18 // Ci-ZF221,Pitx"
"run_3_lambda_76","Orphan bHLH-1,Pax2/5/8-A,small Maf,Hox1,Zinc Finger (C2H2)-22 // Ci-ZF219,Ci-ZF298,Ci-ZF168,Net,FoxH-a,Zinc Finger (C2H2)-18 // Ci-ZF221,Pitx"
"run_3_lambda_77","Orphan bHLH-1,Pax2/5/8-A,small Maf,Hox1,Zinc Finger (C2H2)-22 // Ci-ZF219,Ci-ZF298,Ci-ZF168,Net,FoxH-a,Zinc Finger (C2H2)-18 // Ci-ZF221,Pitx"
"run_3_lambda_78","Orphan bHLH-1,Pax2/5/8-A,small Maf,Hox1,Zinc Finger (C2H2)-22 // Ci-ZF219,Ci-ZF298,Ci-ZF168,Net,FoxH-a,Zinc Finger (C2H2)-18 // Ci-ZF221,Pitx"
"run_3_lambda_79","Orphan bHLH-1,Pax2/5/8-A,small Maf,Hox1,Zinc Finger (C2H2)-22 // Ci-ZF219,Ci-ZF298,Ci-ZF168,Net,FoxH-a,Zinc Finger (C2H2)-18 // Ci-ZF221,Pitx"
"run_3_lambda_80","Orphan bHLH-1,Pax2/5/8-A,small Maf,Hox1,Zinc Finger (C2H2)-22 // Ci-ZF219,Ci-ZF298,Ci-ZF168,Net,FoxH-a,Zinc Finger (C2H2)-18 // Ci-ZF221,Pitx"
"run_3_lambda_81","Orphan bHLH-1,Pax2/5/8-A,small Maf,Hox1,Zinc Finger (C2H2)-22 // Ci-ZF219,Ci-ZF298,Ci-ZF168,Net,FoxH-a,Zinc Finger (C2H2)-18 // Ci-ZF221,Pitx"
"run_3_lambda_82","Orphan bHLH-1,Pax2/5/8-A,small Maf,Hox1,Zinc Finger (C2H2)-22 // Ci-ZF219,Ci-ZF298,Ci-ZF168,Net,FoxH-a,Zinc Finger (C2H2)-18 // Ci-ZF221,Pitx"
"run_3_lambda_83","Orphan bHLH-1,Pax2/5/8-A,small Maf,Hox1,Zinc Finger (C2H2)-22 // Ci-ZF219,Ci-ZF298,Ci-ZF168,Net,FoxH-a,Zinc Finger (C2H2)-18 // Ci-ZF221,Pitx"
"run_3_lambda_84","Orphan bHLH-1,Pax2/5/8-A,small Maf,Hox1,Zinc Finger (C2H2)-22 // Ci-ZF219,Ci-ZF298,Ci-ZF168,Net,FoxH-a,Zinc Finger (C2H2)-18 // Ci-ZF221,Pitx"
"run_3_lambda_85","Orphan bHLH-1,Pax2/5/8-A,small Maf,Hox1,Zinc Finger (C2H2)-22 // Ci-ZF219,Ci-ZF298,Ci-ZF168,Net,FoxH-a,Zinc Finger (C2H2)-18 // Ci-ZF221,Pitx"
"run_3_lambda_86","Orphan bHLH-1,Pax2/5/8-A,small Maf,Hox1,Zinc Finger (C2H2)-22 // Ci-ZF219,Ci-ZF298,Ci-ZF168,Net,FoxH-a,Zinc Finger (C2H2)-18 // Ci-ZF221,Pitx"
"run_3_lambda_87","Orphan bHLH-1,Pax2/5/8-A,small Maf,Hox1,Zinc Finger (C2H2)-22 // Ci-ZF219,Ci-ZF298,Ci-ZF168,Net,FoxH-a,Zinc Finger (C2H2)-18 // Ci-ZF221,Pitx"
"run_3_lambda_88","Orphan bHLH-1,Pax2/5/8-A,small Maf,Hox1,Zinc Finger (C2H2)-22 // Ci-ZF219,Ci-ZF298,Ci-ZF168,Net,FoxH-a,Zinc Finger (C2H2)-18 // Ci-ZF221,Pitx"
"run_3_lambda_89","Orphan bHLH-1,Pax2/5/8-A,small Maf,Hox1,Zinc Finger (C2H2)-22 // Ci-ZF219,Ci-ZF298,Ci-ZF168,Net,FoxH-a,Zinc Finger (C2H2)-18 // Ci-ZF221,Pitx"
"run_3_lambda_90","Orphan bHLH-1,Pax2/5/8-A,small Maf,Hox1,Zinc Finger (C2H2)-22 // Ci-ZF219,Ci-ZF298,Ci-ZF168,Net,FoxH-a,Zinc Finger (C2H2)-18 // Ci-ZF221,Pitx"
"run_3_lambda_91","Orphan bHLH-1,Pax2/5/8-A,small Maf,Hox1,Zinc Finger (C2H2)-22 // Ci-ZF219,Ci-ZF298,Ci-ZF168,Net,FoxH-a,Zinc Finger (C2H2)-18 // Ci-ZF221,Pitx"
"run_3_lambda_92","Orphan bHLH-1,Pax2/5/8-A,small Maf,Hox1,Zinc Finger (C2H2)-22 // Ci-ZF219,Ci-ZF298,Ci-ZF168,Net,FoxH-a,Zinc Finger (C2H2)-18 // Ci-ZF221,Pitx"
"run_3_lambda_93","Orphan bHLH-1,Pax2/5/8-A,small Maf,Hox1,Zinc Finger (C2H2)-22 // Ci-ZF219,Ci-ZF298,Ci-ZF168,Net,FoxH-a,Zinc Finger (C2H2)-18 // Ci-ZF221,Pitx"
"run_3_lambda_94","Orphan bHLH-1,Pax2/5/8-A,small Maf,Hox1,Zinc Finger (C2H2)-22 // Ci-ZF219,Ci-ZF298,Ci-ZF168,Net,FoxH-a,Zinc Finger (C2H2)-18 // Ci-ZF221,Pitx"
"run_3_lambda_95","Orphan bHLH-1,Pax2/5/8-A,small Maf,Hox1,Zinc Finger (C2H2)-22 // Ci-ZF219,Ci-ZF298,Ci-ZF168,Net,FoxH-a,Zinc Finger (C2H2)-18 // Ci-ZF221,Pitx"
"run_3_lambda_96","Orphan bHLH-1,Pax2/5/8-A,small Maf,Hox1,Zinc Finger (C2H2)-22 // Ci-ZF219,Ci-ZF298,Ci-ZF168,Net,FoxH-a,Zinc Finger (C2H2)-18 // Ci-ZF221,Pitx"
"run_3_lambda_97","Orphan bHLH-1,Pax2/5/8-A,small Maf,Hox1,Zinc Finger (C2H2)-22 // Ci-ZF219,Ci-ZF298,Ci-ZF168,Net,FoxH-a,Zinc Finger (C2H2)-18 // Ci-ZF221,Pitx"
"run_3_lambda_98","Orphan bHLH-1,Pax2/5/8-A,small Maf,Hox1,Zinc Finger (C2H2)-22 // Ci-ZF219,Ci-ZF298,Ci-ZF168,Net,FoxH-a,Zinc Finger (C2H2)-18 // Ci-ZF221,Pitx"
"run_3_lambda_99","Orphan bHLH-1,Pax2/5/8-A,small Maf,Hox1,Zinc Finger (C2H2)-22 // Ci-ZF219,Ci-ZF298,Ci-ZF168,Net,FoxH-a,Zinc Finger (C2H2)-18 // Ci-ZF221,Pitx"
"run_3_lambda_100","Orphan bHLH-1,Pax2/5/8-A,small Maf,Hox1,Zinc Finger (C2H2)-22 // Ci-ZF219,Ci-ZF298,Ci-ZF168,Net,FoxH-a,Zinc Finger (C2H2)-18 // Ci-ZF221,Pitx"
"run_4_lambda_1",""
"run_4_lambda_2","Mbx/Dmbx,Lhx1"
"run_4_lambda_3","Mbx/Dmbx,Lhx1"
"run_4_lambda_4","Mbx/Dmbx,Lhx1"
"run_4_lambda_5","Mbx/Dmbx,Lhx1"
"run_4_lambda_6","Mbx/Dmbx,Lhx1"
"run_4_lambda_7","Mbx/Dmbx,Lhx1"
"run_4_lambda_8","Mbx/Dmbx,Lhx1"
"run_4_lambda_9","Mbx/Dmbx,Lhx1"
"run_4_lambda_10","Mbx/Dmbx,Lhx1"
"run_4_lambda_11","Mbx/Dmbx,Lhx1"
"run_4_lambda_12","Mbx/Dmbx,Lhx1"
"run_4_lambda_13","Mbx/Dmbx,Lhx1"
"run_4_lambda_14","Mbx/Dmbx,Lhx1"
"run_4_lambda_15","Mbx/Dmbx,Lhx1"
"run_4_lambda_16","Mbx/Dmbx,Lhx1"
"run_4_lambda_17","Mbx/Dmbx,Lhx1,HMG1/2"
"run_4_lambda_18","Mbx/Dmbx,Lhx1,HMG1/2"
"run_4_lambda_19","Mbx/Dmbx,Lhx1,HMG1/2,LAG1-like1"
"run_4_lambda_20","Mbx/Dmbx,Lhx1,HMG1/2,LAG1-like1"
"run_4_lambda_21","Mbx/Dmbx,Lhx1,HMG1/2,LAG1-like1"
"run_4_lambda_22","Mbx/Dmbx,Lhx1,HMG1/2,LAG1-like1"
"run_4_lambda_23","Mbx/Dmbx,Lhx1,HMG1/2,LAG1-like1"
"run_4_lambda_24","Mbx/Dmbx,Lhx1,HMG1/2,LAG1-like1"
"run_4_lambda_25","Mbx/Dmbx,Lhx1,HMG1/2,LAG1-like1"
"run_4_lambda_26","Mbx/Dmbx,Lhx1,HMG1/2,LAG1-like1"
"run_4_lambda_27","Mbx/Dmbx,Lhx1,HMG1/2,LAG1-like1"
"run_4_lambda_28","Mbx/Dmbx,Lhx1,HMG1/2,LAG1-like1"
"run_4_lambda_29","Mbx/Dmbx,Lhx1,HMG1/2,LAG1-like1"
"run_4_lambda_30","Mbx/Dmbx,Lhx1,HMG1/2,LAG1-like1"
"run_4_lambda_31","Mbx/Dmbx,Lhx1,HMG1/2,LAG1-like1"
"run_4_lambda_32","Mbx/Dmbx,Lhx1,HMG1/2,LAG1-like1"
"run_4_lambda_33","Mbx/Dmbx,Orphan bHLH-1,Lhx1,HMG1/2,LAG1-like1"
"run_4_lambda_34","Mbx/Dmbx,Orphan bHLH-1,Lhx1,HMG1/2,LAG1-like1"
"run_4_lambda_35","Mbx/Dmbx,Orphan bHLH-1,Lhx1,HMG1/2,LAG1-like1"
"run_4_lambda_36","Mbx/Dmbx,Orphan bHLH-1,Lhx1,HMG1/2,LAG1-like1"
"run_4_lambda_37","Mbx/Dmbx,Orphan bHLH-1,Lhx1,HMG1/2,LAG1-like1"
"run_4_lambda_38","Orphan bHLH-1,Lhx1,HMG1/2,LAG1-like1,Pax2/5/8-A"
"run_4_lambda_39","Orphan bHLH-1,Lhx1,HMG1/2,LAG1-like1,Pax2/5/8-A"
"run_4_lambda_40","Orphan bHLH-1,Lhx1,HMG1/2,LAG1-like1,Pax2/5/8-A"
"run_4_lambda_41","Orphan bHLH-1,Lhx1,HMG1/2,LAG1-like1,Pax2/5/8-A,FoxB"
"run_4_lambda_42","Orphan bHLH-1,Lhx1,HMG1/2,LAG1-like1,Pax2/5/8-A,small Maf,FoxB"
"run_4_lambda_43","Orphan bHLH-1,Lhx1,HMG1/2,LAG1-like1,Pax2/5/8-A,small Maf,FoxB"
"run_4_lambda_44","Orphan bHLH-1,Lhx1,HMG1/2,LAG1-like1,Pax2/5/8-A,small Maf,FoxB"
"run_4_lambda_45","Orphan bHLH-1,Lhx1,HMG1/2,LAG1-like1,Pax2/5/8-A,small Maf,FoxB"
"run_4_lambda_46","Orphan bHLH-1,Lhx1,HMG1/2,LAG1-like1,Pax2/5/8-A,small Maf,FoxB,Ci-ZF168,Net"
"run_4_lambda_47","Orphan bHLH-1,Lhx1,HMG1/2,LAG1-like1,Pax2/5/8-A,small Maf,FoxB,Ci-ZF168,Net"
"run_4_lambda_48","Orphan bHLH-1,Lhx1,HMG1/2,LAG1-like1,Pax2/5/8-A,small Maf,FoxB,Hox1,Ci-ZF168,Net,Zinc Finger (BTB/C2H2) // Ci-ZF251"
"run_4_lambda_49","Orphan bHLH-1,Lhx1,HMG1/2,LAG1-like1,Pax2/5/8-A,small Maf,FoxB,Hox1,Ci-ZF168,Net,Zinc Finger (BTB/C2H2) // Ci-ZF251"
"run_4_lambda_50","Orphan bHLH-1,HMG1/2,LAG1-like1,Pax2/5/8-A,small Maf,FoxB,Hox1,Ci-ZF168,Net,Zinc Finger (BTB/C2H2) // Ci-ZF251"
"run_4_lambda_51","Orphan bHLH-1,HMG1/2,LAG1-like1,Pax2/5/8-A,small Maf,FoxB,Hox1,Ci-ZF168,Net,Zinc Finger (BTB/C2H2) // Ci-ZF251"
"run_4_lambda_52","Orphan bHLH-1,HMG1/2,LAG1-like1,Pax2/5/8-A,small Maf,FoxB,Hox1,Ci-ZF168,Net,Zinc Finger (BTB/C2H2) // Ci-ZF251,Pitx"
"run_4_lambda_53","Orphan bHLH-1,LAG1-like1,Pax2/5/8-A,small Maf,FoxB,Hox1,Zinc Finger (C2H2)-22 // Ci-ZF219,Ci-ZF168,Net,Zinc Finger (BTB/C2H2) // Ci-ZF251,Pitx"
"run_4_lambda_54","Orphan bHLH-1,LAG1-like1,Pax2/5/8-A,small Maf,FoxB,Hox1,Zinc Finger (C2H2)-22 // Ci-ZF219,Ci-ZF168,Net,Zinc Finger (BTB/C2H2) // Ci-ZF251,Pitx"
"run_4_lambda_55","Orphan bHLH-1,LAG1-like1,Pax2/5/8-A,small Maf,FoxB,Hox1,Zinc Finger (C2H2)-22 // Ci-ZF219,Ci-ZF298,Ci-ZF168,Net,Zinc Finger (C2H2)-18 // Ci-ZF221,Zinc Finger (BTB/C2H2) // Ci-ZF251,Pitx"
"run_4_lambda_56","Orphan bHLH-1,LAG1-like1,Pax2/5/8-A,small Maf,FoxB,Hox1,Zinc Finger (C2H2)-22 // Ci-ZF219,Ci-ZF298,Ci-ZF168,Net,Zinc Finger (C2H2)-18 // Ci-ZF221,Zinc Finger (BTB/C2H2) // Ci-ZF251,Pitx"
"run_4_lambda_57","Orphan bHLH-1,LAG1-like1,Pax2/5/8-A,small Maf,FoxB,Hox1,Zinc Finger (C2H2)-22 // Ci-ZF219,Ci-ZF298,Ci-ZF168,Net,Zinc Finger (C2H2)-18 // Ci-ZF221,Zinc Finger (BTB/C2H2) // Ci-ZF251,Pitx"
"run_4_lambda_58","Orphan bHLH-1,LAG1-like1,Pax2/5/8-A,small Maf,FoxB,Hox1,Zinc Finger (C2H2)-22 // Ci-ZF219,Ci-ZF298,Ci-ZF168,Net,Zinc Finger (C2H2)-18 // Ci-ZF221,Zinc Finger (BTB/C2H2) // Ci-ZF251,Pitx"
"run_4_lambda_59","Orphan bHLH-1,LAG1-like1,Pax2/5/8-A,small Maf,FoxB,Hox1,Zinc Finger (C2H2)-22 // Ci-ZF219,Ci-ZF298,Ci-ZF168,Net,Zinc Finger (C2H2)-18 // Ci-ZF221,Zinc Finger (BTB/C2H2) // Ci-ZF251,Pitx"
"run_4_lambda_60","Orphan bHLH-1,LAG1-like1,Pax2/5/8-A,small Maf,FoxB,Hox1,Zinc Finger (C2H2)-22 // Ci-ZF219,Ci-ZF298,Ci-ZF168,Net,Zinc Finger (C2H2)-18 // Ci-ZF221,Zinc Finger (BTB/C2H2) // Ci-ZF251,Pitx"
"run_4_lambda_61","Orphan bHLH-1,LAG1-like1,Pax2/5/8-A,small Maf,Hox1,Zinc Finger (C2H2)-22 // Ci-ZF219,Ci-ZF298,Ci-ZF168,Net,Zinc Finger (C2H2)-18 // Ci-ZF221,Zinc Finger (BTB/C2H2) // Ci-ZF251,Pitx"
"run_4_lambda_62","Orphan bHLH-1,LAG1-like1,Pax2/5/8-A,small Maf,Hox1,Zinc Finger (C2H2)-22 // Ci-ZF219,Ci-ZF298,Ci-ZF168,Net,Zinc Finger (C2H2)-18 // Ci-ZF221,Zinc Finger (BTB/C2H2) // Ci-ZF251,Pitx"
"run_4_lambda_63","Orphan bHLH-1,LAG1-like1,Pax2/5/8-A,small Maf,Hox1,Zinc Finger (C2H2)-22 // Ci-ZF219,Ci-ZF298,Ci-ZF168,Net,Zinc Finger (C2H2)-18 // Ci-ZF221,Zinc Finger (BTB/C2H2) // Ci-ZF251,Pitx"
"run_4_lambda_64","Orphan bHLH-1,LAG1-like1,Pax2/5/8-A,small Maf,Hox1,Zinc Finger (C2H2)-22 // Ci-ZF219,Ci-ZF298,Ci-ZF168,Net,Zinc Finger (C2H2)-18 // Ci-ZF221,Zinc Finger (BTB/C2H2) // Ci-ZF251,Pitx"
"run_4_lambda_65","Orphan bHLH-1,LAG1-like1,Pax2/5/8-A,small Maf,Hox1,Zinc Finger (C2H2)-22 // Ci-ZF219,Ci-ZF298,Ci-ZF168,Net,Zinc Finger (C2H2)-18 // Ci-ZF221,Zinc Finger (BTB/C2H2) // Ci-ZF251,Pitx"
"run_4_lambda_66","Orphan bHLH-1,LAG1-like1,Pax2/5/8-A,small Maf,Hox1,Zinc Finger (C2H2)-22 // Ci-ZF219,Ci-ZF298,Ci-ZF168,Net,Zinc Finger (C2H2)-18 // Ci-ZF221,Zinc Finger (BTB/C2H2) // Ci-ZF251,Pitx"
"run_4_lambda_67","Orphan bHLH-1,LAG1-like1,Pax2/5/8-A,small Maf,Hox1,Zinc Finger (C2H2)-22 // Ci-ZF219,Ci-ZF298,Ci-ZF168,Net,Zinc Finger (C2H2)-18 // Ci-ZF221,Zinc Finger (BTB/C2H2) // Ci-ZF251,Pitx"
"run_4_lambda_68","Orphan bHLH-1,LAG1-like1,Pax2/5/8-A,small Maf,Hox1,Zinc Finger (C2H2)-22 // Ci-ZF219,Ci-ZF298,Ci-ZF168,Net,Zinc Finger (C2H2)-18 // Ci-ZF221,Zinc Finger (BTB/C2H2) // Ci-ZF251,Pitx"
"run_4_lambda_69","Orphan bHLH-1,LAG1-like1,Pax2/5/8-A,small Maf,Hox1,Zinc Finger (C2H2)-22 // Ci-ZF219,Ci-ZF298,Ci-ZF168,Net,Zinc Finger (C2H2)-18 // Ci-ZF221,Zinc Finger (BTB/C2H2) // Ci-ZF251,Pitx"
"run_4_lambda_70","Orphan bHLH-1,LAG1-like1,Pax2/5/8-A,small Maf,Hox1,Zinc Finger (C2H2)-22 // Ci-ZF219,Ci-ZF298,Ci-ZF168,Net,Zinc Finger (C2H2)-18 // Ci-ZF221,Zinc Finger (BTB/C2H2) // Ci-ZF251,Pitx"
"run_4_lambda_71","Orphan bHLH-1,LAG1-like1,Pax2/5/8-A,small Maf,Hox1,Zinc Finger (C2H2)-22 // Ci-ZF219,Ci-ZF298,Ci-ZF168,Net,Zinc Finger (C2H2)-18 // Ci-ZF221,Zinc Finger (BTB/C2H2) // Ci-ZF251,Pitx"
"run_4_lambda_72","Orphan bHLH-1,LAG1-like1,Pax2/5/8-A,small Maf,Hox1,Zinc Finger (C2H2)-22 // Ci-ZF219,Ci-ZF298,Ci-ZF168,Net,Zinc Finger (C2H2)-18 // Ci-ZF221,Zinc Finger (BTB/C2H2) // Ci-ZF251,Pitx"
"run_4_lambda_73","Orphan bHLH-1,LAG1-like1,Pax2/5/8-A,small Maf,Hox1,Zinc Finger (C2H2)-22 // Ci-ZF219,Ci-ZF298,Ci-ZF168,Net,Zinc Finger (C2H2)-18 // Ci-ZF221,Zinc Finger (BTB/C2H2) // Ci-ZF251,Pitx"
"run_4_lambda_74","Orphan bHLH-1,LAG1-like1,Pax2/5/8-A,small Maf,Hox1,Zinc Finger (C2H2)-22 // Ci-ZF219,Ci-ZF298,Ci-ZF168,Net,Zinc Finger (C2H2)-18 // Ci-ZF221,Zinc Finger (BTB/C2H2) // Ci-ZF251,Pitx"
"run_4_lambda_75","Orphan bHLH-1,LAG1-like1,Pax2/5/8-A,small Maf,Hox1,Zinc Finger (C2H2)-22 // Ci-ZF219,Ci-ZF298,Ci-ZF168,Net,Zinc Finger (C2H2)-18 // Ci-ZF221,Zinc Finger (BTB/C2H2) // Ci-ZF251,Pitx"
"run_4_lambda_76","Orphan bHLH-1,LAG1-like1,Pax2/5/8-A,small Maf,Hox1,Zinc Finger (C2H2)-22 // Ci-ZF219,Ci-ZF298,Ci-ZF168,Net,Zinc Finger (C2H2)-18 // Ci-ZF221,Zinc Finger (BTB/C2H2) // Ci-ZF251,Pitx"
"run_4_lambda_77","Orphan bHLH-1,LAG1-like1,Pax2/5/8-A,small Maf,Hox1,Zinc Finger (C2H2)-22 // Ci-ZF219,Ci-ZF298,Ci-ZF168,Net,Zinc Finger (C2H2)-18 // Ci-ZF221,Zinc Finger (BTB/C2H2) // Ci-ZF251,Pitx"
"run_4_lambda_78","Orphan bHLH-1,LAG1-like1,Pax2/5/8-A,small Maf,Hox1,Zinc Finger (C2H2)-22 // Ci-ZF219,Ci-ZF298,Ci-ZF168,Net,Zinc Finger (C2H2)-18 // Ci-ZF221,Zinc Finger (BTB/C2H2) // Ci-ZF251,Pitx"
"run_4_lambda_79","Orphan bHLH-1,LAG1-like1,Pax2/5/8-A,small Maf,Hox1,Zinc Finger (C2H2)-22 // Ci-ZF219,Ci-ZF298,Ci-ZF168,Net,Zinc Finger (C2H2)-18 // Ci-ZF221,Zinc Finger (BTB/C2H2) // Ci-ZF251,Pitx"
"run_4_lambda_80","Orphan bHLH-1,LAG1-like1,Pax2/5/8-A,small Maf,Hox1,Zinc Finger (C2H2)-22 // Ci-ZF219,Ci-ZF298,Ci-ZF168,Net,Zinc Finger (C2H2)-18 // Ci-ZF221,Zinc Finger (BTB/C2H2) // Ci-ZF251,Pitx"
"run_4_lambda_81","Orphan bHLH-1,LAG1-like1,Pax2/5/8-A,small Maf,Hox1,Zinc Finger (C2H2)-22 // Ci-ZF219,Ci-ZF298,Ci-ZF168,Net,Zinc Finger (C2H2)-18 // Ci-ZF221,Zinc Finger (BTB/C2H2) // Ci-ZF251,Pitx"
"run_4_lambda_82","Orphan bHLH-1,LAG1-like1,Pax2/5/8-A,small Maf,Hox1,Zinc Finger (C2H2)-22 // Ci-ZF219,Ci-ZF298,Ci-ZF168,Net,Zinc Finger (C2H2)-18 // Ci-ZF221,Zinc Finger (BTB/C2H2) // Ci-ZF251,Pitx"
"run_4_lambda_83","Orphan bHLH-1,LAG1-like1,Pax2/5/8-A,small Maf,Hox1,Zinc Finger (C2H2)-22 // Ci-ZF219,Ci-ZF298,Ci-ZF168,Net,Zinc Finger (C2H2)-18 // Ci-ZF221,Zinc Finger (BTB/C2H2) // Ci-ZF251,Pitx"
"run_4_lambda_84","Orphan bHLH-1,Pax2/5/8-A,small Maf,Hox1,Zinc Finger (C2H2)-22 // Ci-ZF219,Ci-ZF298,Ci-ZF168,Net,Zinc Finger (C2H2)-18 // Ci-ZF221,Zinc Finger (BTB/C2H2) // Ci-ZF251,Pitx"
"run_4_lambda_85","Orphan bHLH-1,Pax2/5/8-A,small Maf,Hox1,Zinc Finger (C2H2)-22 // Ci-ZF219,Ci-ZF298,Ci-ZF168,Net,Zinc Finger (C2H2)-18 // Ci-ZF221,Zinc Finger (BTB/C2H2) // Ci-ZF251,Pitx"
"run_4_lambda_86","Orphan bHLH-1,Pax2/5/8-A,small Maf,Hox1,Zinc Finger (C2H2)-22 // Ci-ZF219,Ci-ZF298,Ci-ZF168,Net,Zinc Finger (C2H2)-18 // Ci-ZF221,Zinc Finger (BTB/C2H2) // Ci-ZF251,Pitx"
"run_4_lambda_87","Orphan bHLH-1,Pax2/5/8-A,small Maf,Hox1,Zinc Finger (C2H2)-22 // Ci-ZF219,Ci-ZF298,Ci-ZF168,Net,Zinc Finger (C2H2)-18 // Ci-ZF221,Zinc Finger (BTB/C2H2) // Ci-ZF251,Pitx"
"run_4_lambda_88","Orphan bHLH-1,Pax2/5/8-A,small Maf,Hox1,Zinc Finger (C2H2)-22 // Ci-ZF219,Ci-ZF298,Ci-ZF168,Net,Zinc Finger (C2H2)-18 // Ci-ZF221,Zinc Finger (BTB/C2H2) // Ci-ZF251,Pitx"
"run_4_lambda_89","Orphan bHLH-1,Pax2/5/8-A,small Maf,Hox1,Zinc Finger (C2H2)-22 // Ci-ZF219,Ci-ZF298,Ci-ZF168,Net,Zinc Finger (C2H2)-18 // Ci-ZF221,Zinc Finger (BTB/C2H2) // Ci-ZF251,Pitx"
"run_4_lambda_90","Orphan bHLH-1,Pax2/5/8-A,small Maf,Hox1,Zinc Finger (C2H2)-22 // Ci-ZF219,Ci-ZF298,Ci-ZF168,Net,Zinc Finger (C2H2)-18 // Ci-ZF221,Zinc Finger (BTB/C2H2) // Ci-ZF251,Pitx"
"run_4_lambda_91","Orphan bHLH-1,Pax2/5/8-A,small Maf,Hox1,Zinc Finger (C2H2)-22 // Ci-ZF219,Ci-ZF298,Ci-ZF168,Net,Zinc Finger (C2H2)-18 // Ci-ZF221,Zinc Finger (BTB/C2H2) // Ci-ZF251,Pitx"
"run_4_lambda_92","Orphan bHLH-1,Pax2/5/8-A,small Maf,Hox1,Zinc Finger (C2H2)-22 // Ci-ZF219,Ci-ZF298,Ci-ZF168,Net,Zinc Finger (C2H2)-18 // Ci-ZF221,Zinc Finger (BTB/C2H2) // Ci-ZF251,Pitx"
"run_4_lambda_93","Orphan bHLH-1,Pax2/5/8-A,small Maf,Hox1,Zinc Finger (C2H2)-22 // Ci-ZF219,Ci-ZF298,Ci-ZF168,Net,Zinc Finger (C2H2)-18 // Ci-ZF221,Zinc Finger (BTB/C2H2) // Ci-ZF251,Pitx"
"run_4_lambda_94","Orphan bHLH-1,Pax2/5/8-A,small Maf,Hox1,Zinc Finger (C2H2)-22 // Ci-ZF219,Ci-ZF298,Ci-ZF168,Net,Zinc Finger (C2H2)-18 // Ci-ZF221,Zinc Finger (BTB/C2H2) // Ci-ZF251,Pitx"
"run_4_lambda_95","Orphan bHLH-1,Pax2/5/8-A,small Maf,Hox1,Zinc Finger (C2H2)-22 // Ci-ZF219,Ci-ZF298,Ci-ZF168,Net,Zinc Finger (C2H2)-18 // Ci-ZF221,Zinc Finger (BTB/C2H2) // Ci-ZF251,Pitx"
"run_4_lambda_96","Orphan bHLH-1,Pax2/5/8-A,small Maf,Hox1,Zinc Finger (C2H2)-22 // Ci-ZF219,Ci-ZF298,Ci-ZF168,Net,Zinc Finger (C2H2)-18 // Ci-ZF221,Zinc Finger (BTB/C2H2) // Ci-ZF251,Pitx"
"run_4_lambda_97","Orphan bHLH-1,Pax2/5/8-A,small Maf,Hox1,Zinc Finger (C2H2)-22 // Ci-ZF219,Ci-ZF298,Ci-ZF168,Net,Zinc Finger (C2H2)-18 // Ci-ZF221,Zinc Finger (BTB/C2H2) // Ci-ZF251,Pitx"
"run_4_lambda_98","Orphan bHLH-1,Pax2/5/8-A,small Maf,Hox1,Zinc Finger (C2H2)-22 // Ci-ZF219,Ci-ZF298,Ci-ZF168,Net,Zinc Finger (C2H2)-18 // Ci-ZF221,Zinc Finger (BTB/C2H2) // Ci-ZF251,Pitx"
"run_4_lambda_99","Orphan bHLH-1,Pax2/5/8-A,small Maf,Hox1,Zinc Finger (C2H2)-22 // Ci-ZF219,Ci-ZF298,Ci-ZF168,Net,Zinc Finger (C2H2)-18 // Ci-ZF221,Zinc Finger (BTB/C2H2) // Ci-ZF251,Pitx"
"run_4_lambda_100","Orphan bHLH-1,Pax2/5/8-A,small Maf,Hox1,Zinc Finger (C2H2)-22 // Ci-ZF219,Ci-ZF298,Ci-ZF168,Net,Zinc Finger (C2H2)-18 // Ci-ZF221,Zinc Finger (BTB/C2H2) // Ci-ZF251,Pitx"
"run_5_lambda_1",""
"run_5_lambda_0",""
"run_6_lambda_1",""
"run_6_lambda_2","Mbx/Dmbx,Lhx1"
"run_6_lambda_3","Mbx/Dmbx,Lhx1"
"run_6_lambda_4","Mbx/Dmbx,Lhx1"
"run_6_lambda_5","Mbx/Dmbx,Lhx1"
"run_6_lambda_6","Mbx/Dmbx,Lhx1"
"run_6_lambda_7","Mbx/Dmbx,Lhx1"
"run_6_lambda_8","Mbx/Dmbx,Lhx1"
"run_6_lambda_9","Mbx/Dmbx,Lhx1"
"run_6_lambda_10","Mbx/Dmbx,Lhx1"
"run_6_lambda_11","Mbx/Dmbx,Lhx1"
"run_6_lambda_12","Mbx/Dmbx,Lhx1"
"run_6_lambda_13","Mbx/Dmbx,Lhx1"
"run_6_lambda_14","Mbx/Dmbx,Lhx1"
"run_6_lambda_15","Mbx/Dmbx,Lhx1"
"run_6_lambda_16","Mbx/Dmbx,Lhx1"
"run_6_lambda_17","Mbx/Dmbx,Lhx1"
"run_6_lambda_18","Mbx/Dmbx,Lhx1"
"run_6_lambda_19","Mbx/Dmbx,Lhx1"
"run_6_lambda_20","Mbx/Dmbx,Lhx1"
"run_6_lambda_21","Mbx/Dmbx,Lhx1"
"run_6_lambda_22","Mbx/Dmbx,Lhx1,HMG1/2"
"run_6_lambda_23","Mbx/Dmbx,Lhx1,HMG1/2"
"run_6_lambda_24","Mbx/Dmbx,Lhx1,HMG1/2"
"run_6_lambda_25","Mbx/Dmbx,Lhx1,HMG1/2"
"run_6_lambda_26","Mbx/Dmbx,Lhx1,HMG1/2"
"run_6_lambda_27","Mbx/Dmbx,Lhx1,HMG1/2"
"run_6_lambda_28","Mbx/Dmbx,Lhx1,HMG1/2"
"run_6_lambda_29","Mbx/Dmbx,Lhx1,HMG1/2"
"run_6_lambda_30","Mbx/Dmbx,Lhx1,HMG1/2"
"run_6_lambda_31","Mbx/Dmbx,Lhx1,HMG1/2"
"run_6_lambda_32","Mbx/Dmbx,Lhx1,HMG1/2"
"run_6_lambda_33","Mbx/Dmbx,Lhx1,HMG1/2,LAG1-like1"
"run_6_lambda_34","Mbx/Dmbx,Lhx1,HMG1/2,LAG1-like1"
"run_6_lambda_35","Mbx/Dmbx,Lhx1,HMG1/2,LAG1-like1"
"run_6_lambda_36","Mbx/Dmbx,Lhx1,HMG1/2,LAG1-like1"
"run_6_lambda_37","Mbx/Dmbx,Lhx1,HMG1/2,LAG1-like1"
"run_6_lambda_38","Mbx/Dmbx,Orphan bHLH-1,Lhx1,HMG1/2,LAG1-like1,small Maf"
"run_6_lambda_39","Mbx/Dmbx,Orphan bHLH-1,Lhx1,HMG1/2,LAG1-like1,small Maf"
"run_6_lambda_40","Mbx/Dmbx,Orphan bHLH-1,Lhx1,HMG1/2,LAG1-like1,small Maf"
"run_6_lambda_41","Mbx/Dmbx,Orphan bHLH-1,Lhx1,HMG1/2,LAG1-like1,small Maf,FoxB"
"run_6_lambda_42","Mbx/Dmbx,Orphan bHLH-1,Lhx1,HMG1/2,LAG1-like1,Pax2/5/8-A,small Maf,FoxB"
"run_6_lambda_43","Mbx/Dmbx,Orphan bHLH-1,Lhx1,HMG1/2,LAG1-like1,Pax2/5/8-A,small Maf,FoxB"
"run_6_lambda_44","Mbx/Dmbx,Orphan bHLH-1,Lhx1,HMG1/2,LAG1-like1,Pax2/5/8-A,small Maf,FoxB"
"run_6_lambda_45","Mbx/Dmbx,Orphan bHLH-1,Lhx1,HMG1/2,LAG1-like1,Pax2/5/8-A,small Maf,FoxB"
"run_6_lambda_46","Orphan bHLH-1,Lhx1,HMG1/2,LAG1-like1,Pax2/5/8-A,small Maf,FoxB,Zinc Finger (C2H2)-22 // Ci-ZF219"
"run_6_lambda_47","Orphan bHLH-1,Lhx1,HMG1/2,LAG1-like1,Pax2/5/8-A,small Maf,FoxB,Zinc Finger (C2H2)-22 // Ci-ZF219"
"run_6_lambda_48","Orphan bHLH-1,Lhx1,HMG1/2,LAG1-like1,Pax2/5/8-A,small Maf,FoxB,Zinc Finger (C2H2)-22 // Ci-ZF219,Zinc Finger (BTB/C2H2) // Ci-ZF251"
"run_6_lambda_49","Orphan bHLH-1,Lhx1,HMG1/2,LAG1-like1,Pax2/5/8-A,small Maf,FoxB,POU4,Zinc Finger (C2H2)-22 // Ci-ZF219,Zinc Finger (BTB/C2H2) // Ci-ZF251"
"run_6_lambda_50","Orphan bHLH-1,Lhx1,HMG1/2,LAG1-like1,Pax2/5/8-A,small Maf,FoxB,POU4,Zinc Finger (C2H2)-22 // Ci-ZF219,Zinc Finger (BTB/C2H2) // Ci-ZF251,Pitx"
"run_6_lambda_51","Orphan bHLH-1,Lhx1,HMG1/2,LAG1-like1,Pax2/5/8-A,small Maf,FoxB,Hox1,POU4,Zinc Finger (C2H2)-22 // Ci-ZF219,Net,FoxH-a,Zinc Finger (BTB/C2H2) // Ci-ZF251,Pitx"
"run_6_lambda_52","Orphan bHLH-1,HMG1/2,LAG1-like1,Pax2/5/8-A,small Maf,FoxB,Hox1,POU4,Zinc Finger (C2H2)-22 // Ci-ZF219,Ci-ZF168,Net,FoxH-a,Zinc Finger (BTB/C2H2) // Ci-ZF251,Pitx"
"run_6_lambda_53","Orphan bHLH-1,HMG1/2,LAG1-like1,Pax2/5/8-A,small Maf,FoxB,Hox1,POU4,Zinc Finger (C2H2)-22 // Ci-ZF219,Ci-ZF168,Net,FoxH-a,Zinc Finger (BTB/C2H2) // Ci-ZF251,Pitx"
"run_6_lambda_54","Orphan bHLH-1,HMG1/2,LAG1-like1,Pax2/5/8-A,small Maf,FoxB,Hox1,POU4,Zinc Finger (C2H2)-22 // Ci-ZF219,Ci-ZF168,Net,FoxH-a,Zinc Finger (BTB/C2H2) // Ci-ZF251,Pitx"
"run_6_lambda_55","Orphan bHLH-1,HMG1/2,LAG1-like1,Pax2/5/8-A,small Maf,FoxB,Hox1,POU4,Zinc Finger (C2H2)-22 // Ci-ZF219,Ci-ZF168,Net,FoxH-a,Zinc Finger (C2H2)-18 // Ci-ZF221,Zinc Finger (BTB/C2H2) // Ci-ZF251,Pitx"
"run_6_lambda_56","Orphan bHLH-1,HMG1/2,LAG1-like1,Pax2/5/8-A,small Maf,FoxB,Hox1,POU4,Zinc Finger (C2H2)-22 // Ci-ZF219,Ci-ZF168,Net,FoxH-a,Zinc Finger (C2H2)-18 // Ci-ZF221,Zinc Finger (BTB/C2H2) // Ci-ZF251,Pitx"
"run_6_lambda_57","Orphan bHLH-1,HMG1/2,LAG1-like1,Pax2/5/8-A,small Maf,FoxB,Hox1,POU4,Zinc Finger (C2H2)-22 // Ci-ZF219,Ci-ZF168,Net,FoxH-a,Zinc Finger (C2H2)-18 // Ci-ZF221,Zinc Finger (BTB/C2H2) // Ci-ZF251,Pitx"
"run_6_lambda_58","Orphan bHLH-1,HMG1/2,LAG1-like1,Pax2/5/8-A,small Maf,FoxB,Hox1,POU4,Zinc Finger (C2H2)-22 // Ci-ZF219,Ci-ZF168,Net,FoxH-a,Zinc Finger (C2H2)-18 // Ci-ZF221,Zinc Finger (BTB/C2H2) // Ci-ZF251,Pitx"
"run_6_lambda_59","Orphan bHLH-1,HMG1/2,LAG1-like1,Pax2/5/8-A,small Maf,FoxB,Hox1,Zinc Finger (C2H2)-22 // Ci-ZF219,Ci-ZF168,Net,FoxH-a,Zinc Finger (C2H2)-18 // Ci-ZF221,Zinc Finger (BTB/C2H2) // Ci-ZF251,Pitx"
"run_6_lambda_60","Orphan bHLH-1,HMG1/2,LAG1-like1,Pax2/5/8-A,small Maf,FoxB,Hox1,Zinc Finger (C2H2)-22 // Ci-ZF219,Ci-ZF168,Net,FoxH-a,Zinc Finger (C2H2)-18 // Ci-ZF221,Zinc Finger (BTB/C2H2) // Ci-ZF251,Pitx"
"run_6_lambda_61","Orphan bHLH-1,HMG1/2,LAG1-like1,Pax2/5/8-A,small Maf,FoxB,Hox1,Zinc Finger (C2H2)-22 // Ci-ZF219,Ci-ZF168,Net,FoxH-a,Zinc Finger (C2H2)-18 // Ci-ZF221,Zinc Finger (BTB/C2H2) // Ci-ZF251,Pitx"
"run_6_lambda_62","Orphan bHLH-1,HMG1/2,LAG1-like1,Pax2/5/8-A,small Maf,FoxB,Hox1,Zinc Finger (C2H2)-22 // Ci-ZF219,Ci-ZF168,Net,FoxH-a,Zinc Finger (C2H2)-18 // Ci-ZF221,Zinc Finger (BTB/C2H2) // Ci-ZF251,Pitx"
"run_6_lambda_63","Orphan bHLH-1,HMG1/2,LAG1-like1,Pax2/5/8-A,small Maf,FoxB,Hox1,Zinc Finger (C2H2)-22 // Ci-ZF219,Ci-ZF168,Net,FoxH-a,Zinc Finger (C2H2)-18 // Ci-ZF221,Zinc Finger (BTB/C2H2) // Ci-ZF251,Pitx"
"run_6_lambda_64","Orphan bHLH-1,HMG1/2,LAG1-like1,Pax2/5/8-A,small Maf,FoxB,Hox1,Zinc Finger (C2H2)-22 // Ci-ZF219,Ci-ZF168,Net,FoxH-a,Zinc Finger (C2H2)-18 // Ci-ZF221,Zinc Finger (BTB/C2H2) // Ci-ZF251,Pitx"
"run_6_lambda_65","Orphan bHLH-1,HMG1/2,LAG1-like1,Pax2/5/8-A,small Maf,FoxB,Hox1,Zinc Finger (C2H2)-22 // Ci-ZF219,Ci-ZF168,Net,FoxH-a,Zinc Finger (C2H2)-18 // Ci-ZF221,Zinc Finger (BTB/C2H2) // Ci-ZF251,Pitx"
"run_6_lambda_66","Orphan bHLH-1,HMG1/2,LAG1-like1,Pax2/5/8-A,small Maf,FoxB,Hox1,Zinc Finger (C2H2)-22 // Ci-ZF219,Ci-ZF168,Net,FoxH-a,Zinc Finger (C2H2)-18 // Ci-ZF221,Zinc Finger (BTB/C2H2) // Ci-ZF251,Pitx"
"run_6_lambda_67","Orphan bHLH-1,HMG1/2,LAG1-like1,Pax2/5/8-A,small Maf,FoxB,Hox1,Zinc Finger (C2H2)-22 // Ci-ZF219,Ci-ZF168,Net,FoxH-a,Zinc Finger (C2H2)-18 // Ci-ZF221,Zinc Finger (BTB/C2H2) // Ci-ZF251,Pitx"
"run_6_lambda_68","Orphan bHLH-1,HMG1/2,LAG1-like1,Pax2/5/8-A,small Maf,FoxB,Hox1,Zinc Finger (C2H2)-22 // Ci-ZF219,Ci-ZF168,Net,FoxH-a,Zinc Finger (C2H2)-18 // Ci-ZF221,Zinc Finger (BTB/C2H2) // Ci-ZF251,Pitx"
"run_6_lambda_69","Orphan bHLH-1,HMG1/2,LAG1-like1,Pax2/5/8-A,small Maf,FoxB,Hox1,Zinc Finger (C2H2)-22 // Ci-ZF219,Ci-ZF168,Net,FoxH-a,Zinc Finger (C2H2)-18 // Ci-ZF221,Zinc Finger (BTB/C2H2) // Ci-ZF251,Pitx"
"run_6_lambda_70","Orphan bHLH-1,HMG1/2,LAG1-like1,Pax2/5/8-A,small Maf,FoxB,Hox1,Zinc Finger (C2H2)-22 // Ci-ZF219,Ci-ZF168,Net,FoxH-a,Zinc Finger (C2H2)-18 // Ci-ZF221,Zinc Finger (BTB/C2H2) // Ci-ZF251,Pitx"
"run_6_lambda_71","Orphan bHLH-1,HMG1/2,LAG1-like1,Pax2/5/8-A,small Maf,FoxB,Hox1,Zinc Finger (C2H2)-22 // Ci-ZF219,Ci-ZF168,Net,FoxH-a,Zinc Finger (C2H2)-18 // Ci-ZF221,Zinc Finger (BTB/C2H2) // Ci-ZF251,Pitx"
"run_6_lambda_72","Orphan bHLH-1,HMG1/2,LAG1-like1,Pax2/5/8-A,small Maf,FoxB,Hox1,Zinc Finger (C2H2)-22 // Ci-ZF219,Ci-ZF168,Net,FoxH-a,Zinc Finger (C2H2)-18 // Ci-ZF221,Zinc Finger (BTB/C2H2) // Ci-ZF251,Pitx"
"run_6_lambda_73","Orphan bHLH-1,HMG1/2,LAG1-like1,Pax2/5/8-A,small Maf,FoxB,Hox1,Zinc Finger (C2H2)-22 // Ci-ZF219,Ci-ZF168,Net,FoxH-a,Zinc Finger (C2H2)-18 // Ci-ZF221,Zinc Finger (BTB/C2H2) // Ci-ZF251,Pitx"
"run_6_lambda_74","Orphan bHLH-1,HMG1/2,LAG1-like1,Pax2/5/8-A,small Maf,FoxB,Hox1,Zinc Finger (C2H2)-22 // Ci-ZF219,Ci-ZF168,Net,FoxH-a,Zinc Finger (C2H2)-18 // Ci-ZF221,Zinc Finger (BTB/C2H2) // Ci-ZF251,Pitx"
"run_6_lambda_75","Orphan bHLH-1,HMG1/2,LAG1-like1,Pax2/5/8-A,small Maf,FoxB,Hox1,Zinc Finger (C2H2)-22 // Ci-ZF219,Ci-ZF168,Net,FoxH-a,Zinc Finger (C2H2)-18 // Ci-ZF221,Zinc Finger (BTB/C2H2) // Ci-ZF251,Pitx"
"run_6_lambda_76","Orphan bHLH-1,HMG1/2,LAG1-like1,Pax2/5/8-A,small Maf,FoxB,Hox1,Zinc Finger (C2H2)-22 // Ci-ZF219,Ci-ZF168,Net,FoxH-a,Zinc Finger (C2H2)-18 // Ci-ZF221,Zinc Finger (BTB/C2H2) // Ci-ZF251,Pitx"
"run_6_lambda_77","Orphan bHLH-1,HMG1/2,LAG1-like1,Pax2/5/8-A,small Maf,FoxB,Hox1,Zinc Finger (C2H2)-22 // Ci-ZF219,Ci-ZF168,Net,FoxH-a,Zinc Finger (C2H2)-18 // Ci-ZF221,Zinc Finger (BTB/C2H2) // Ci-ZF251,Pitx"
"run_6_lambda_78","Orphan bHLH-1,HMG1/2,LAG1-like1,Pax2/5/8-A,small Maf,FoxB,Hox1,Zinc Finger (C2H2)-22 // Ci-ZF219,Ci-ZF168,Net,FoxH-a,Zinc Finger (C2H2)-18 // Ci-ZF221,Zinc Finger (BTB/C2H2) // Ci-ZF251,Pitx"
"run_6_lambda_79","Orphan bHLH-1,LAG1-like1,Pax2/5/8-A,small Maf,FoxB,Hox1,Zinc Finger (C2H2)-22 // Ci-ZF219,Ci-ZF168,Net,FoxH-a,Zinc Finger (C2H2)-18 // Ci-ZF221,Zinc Finger (BTB/C2H2) // Ci-ZF251,Pitx"
"run_6_lambda_80","Orphan bHLH-1,HMG1/2,LAG1-like1,Pax2/5/8-A,small Maf,FoxB,Hox1,Zinc Finger (C2H2)-22 // Ci-ZF219,Ci-ZF168,Net,FoxH-a,Zinc Finger (C2H2)-18 // Ci-ZF221,Zinc Finger (BTB/C2H2) // Ci-ZF251,Pitx"
"run_6_lambda_81","Orphan bHLH-1,Pax2/5/8-A,small Maf,FoxB,Hox1,Zinc Finger (C2H2)-22 // Ci-ZF219,Ci-ZF168,Net,FoxH-a,Zinc Finger (C2H2)-18 // Ci-ZF221,Zinc Finger (BTB/C2H2) // Ci-ZF251,Pitx"
"run_6_lambda_82","Orphan bHLH-1,Pax2/5/8-A,small Maf,FoxB,Hox1,Zinc Finger (C2H2)-22 // Ci-ZF219,Ci-ZF168,Net,FoxH-a,Zinc Finger (C2H2)-18 // Ci-ZF221,Zinc Finger (BTB/C2H2) // Ci-ZF251,Pitx"
"run_6_lambda_83","Orphan bHLH-1,Pax2/5/8-A,small Maf,FoxB,Hox1,Zinc Finger (C2H2)-22 // Ci-ZF219,Ci-ZF168,Net,FoxH-a,Zinc Finger (C2H2)-18 // Ci-ZF221,Zinc Finger (BTB/C2H2) // Ci-ZF251,Pitx"
"run_6_lambda_84","Orphan bHLH-1,Pax2/5/8-A,small Maf,FoxB,Hox1,Zinc Finger (C2H2)-22 // Ci-ZF219,Ci-ZF168,Net,FoxH-a,Zinc Finger (C2H2)-18 // Ci-ZF221,Zinc Finger (BTB/C2H2) // Ci-ZF251,Pitx"
"run_6_lambda_85","Orphan bHLH-1,Pax2/5/8-A,small Maf,Hox1,Zinc Finger (C2H2)-22 // Ci-ZF219,Ci-ZF168,Net,FoxH-a,Zinc Finger (C2H2)-18 // Ci-ZF221,Zinc Finger (BTB/C2H2) // Ci-ZF251,Pitx"
"run_6_lambda_86","Orphan bHLH-1,Pax2/5/8-A,small Maf,Hox1,Zinc Finger (C2H2)-22 // Ci-ZF219,Ci-ZF168,Net,FoxH-a,Zinc Finger (C2H2)-18 // Ci-ZF221,Zinc Finger (BTB/C2H2) // Ci-ZF251,Pitx"
"run_6_lambda_87","Orphan bHLH-1,Pax2/5/8-A,small Maf,Hox1,Zinc Finger (C2H2)-22 // Ci-ZF219,Ci-ZF168,Net,FoxH-a,Zinc Finger (C2H2)-18 // Ci-ZF221,Zinc Finger (BTB/C2H2) // Ci-ZF251,Pitx"
"run_6_lambda_88","Orphan bHLH-1,Pax2/5/8-A,small Maf,Hox1,Zinc Finger (C2H2)-22 // Ci-ZF219,Ci-ZF168,Net,FoxH-a,Zinc Finger (C2H2)-18 // Ci-ZF221,Zinc Finger (BTB/C2H2) // Ci-ZF251,Pitx"
"run_6_lambda_89","Orphan bHLH-1,Pax2/5/8-A,small Maf,Hox1,Zinc Finger (C2H2)-22 // Ci-ZF219,Ci-ZF168,Net,FoxH-a,Zinc Finger (C2H2)-18 // Ci-ZF221,Zinc Finger (BTB/C2H2) // Ci-ZF251,Pitx"
"run_6_lambda_90","Orphan bHLH-1,Pax2/5/8-A,small Maf,Hox1,Zinc Finger (C2H2)-22 // Ci-ZF219,Ci-ZF168,Net,FoxH-a,Zinc Finger (C2H2)-18 // Ci-ZF221,Zinc Finger (BTB/C2H2) // Ci-ZF251,Pitx"
"run_6_lambda_91","Orphan bHLH-1,Pax2/5/8-A,small Maf,Hox1,Zinc Finger (C2H2)-22 // Ci-ZF219,Ci-ZF168,Net,FoxH-a,Zinc Finger (C2H2)-18 // Ci-ZF221,Zinc Finger (BTB/C2H2) // Ci-ZF251,Pitx"
"run_6_lambda_92","Orphan bHLH-1,Pax2/5/8-A,small Maf,Hox1,Zinc Finger (C2H2)-22 // Ci-ZF219,Ci-ZF168,Net,FoxH-a,Zinc Finger (C2H2)-18 // Ci-ZF221,Zinc Finger (BTB/C2H2) // Ci-ZF251,Pitx"
"run_6_lambda_93","Orphan bHLH-1,Pax2/5/8-A,small Maf,Hox1,Zinc Finger (C2H2)-22 // Ci-ZF219,Ci-ZF168,Net,FoxH-a,Zinc Finger (C2H2)-18 // Ci-ZF221,Zinc Finger (BTB/C2H2) // Ci-ZF251,Pitx"
"run_6_lambda_94","Orphan bHLH-1,Pax2/5/8-A,small Maf,Hox1,Zinc Finger (C2H2)-22 // Ci-ZF219,Ci-ZF168,Net,FoxH-a,Zinc Finger (C2H2)-18 // Ci-ZF221,Zinc Finger (BTB/C2H2) // Ci-ZF251,Pitx"
"run_6_lambda_95","Orphan bHLH-1,Pax2/5/8-A,small Maf,Hox1,Zinc Finger (C2H2)-22 // Ci-ZF219,Ci-ZF168,Net,FoxH-a,Zinc Finger (C2H2)-18 // Ci-ZF221,Zinc Finger (BTB/C2H2) // Ci-ZF251,Pitx"
"run_6_lambda_96","Orphan bHLH-1,Pax2/5/8-A,small Maf,Hox1,Zinc Finger (C2H2)-22 // Ci-ZF219,Ci-ZF168,Net,FoxH-a,Zinc Finger (C2H2)-18 // Ci-ZF221,Zinc Finger (BTB/C2H2) // Ci-ZF251,Pitx"
"run_6_lambda_97","Orphan bHLH-1,Pax2/5/8-A,small Maf,Hox1,Zinc Finger (C2H2)-22 // Ci-ZF219,Ci-ZF168,Net,FoxH-a,Zinc Finger (C2H2)-18 // Ci-ZF221,Zinc Finger (BTB/C2H2) // Ci-ZF251,Pitx"
"run_6_lambda_98","Orphan bHLH-1,Pax2/5/8-A,small Maf,Hox1,Zinc Finger (C2H2)-22 // Ci-ZF219,Ci-ZF168,Net,FoxH-a,Zinc Finger (C2H2)-18 // Ci-ZF221,Zinc Finger (BTB/C2H2) // Ci-ZF251,Pitx"
"run_6_lambda_99","Orphan bHLH-1,Pax2/5/8-A,small Maf,Hox1,Zinc Finger (C2H2)-22 // Ci-ZF219,Ci-ZF168,Net,FoxH-a,Zinc Finger (C2H2)-18 // Ci-ZF221,Zinc Finger (BTB/C2H2) // Ci-ZF251,Pitx"
"run_6_lambda_100","Orphan bHLH-1,Pax2/5/8-A,small Maf,Hox1,Zinc Finger (C2H2)-22 // Ci-ZF219,Ci-ZF168,Net,FoxH-a,Zinc Finger (C2H2)-18 // Ci-ZF221,Zinc Finger (BTB/C2H2) // Ci-ZF251,Pitx"
"run_7_lambda_1",""
"run_7_lambda_2","Mbx/Dmbx,Lhx1"
"run_7_lambda_3","Mbx/Dmbx,Lhx1"
"run_7_lambda_4","Mbx/Dmbx,Lhx1"
"run_7_lambda_5","Mbx/Dmbx,Lhx1"
"run_7_lambda_6","Mbx/Dmbx,Lhx1"
"run_7_lambda_7","Mbx/Dmbx,Lhx1"
"run_7_lambda_8","Mbx/Dmbx,Lhx1"
"run_7_lambda_9","Mbx/Dmbx,Lhx1"
"run_7_lambda_10","Mbx/Dmbx,Lhx1"
"run_7_lambda_11","Mbx/Dmbx,Lhx1"
"run_7_lambda_12","Mbx/Dmbx,Lhx1"
"run_7_lambda_13","Mbx/Dmbx,Lhx1"
"run_7_lambda_14","Mbx/Dmbx,Lhx1"
"run_7_lambda_15","Mbx/Dmbx,Lhx1"
"run_7_lambda_16","Mbx/Dmbx,Lhx1"
"run_7_lambda_17","Mbx/Dmbx,Lhx1"
"run_7_lambda_18","Mbx/Dmbx,Lhx1"
"run_7_lambda_19","Mbx/Dmbx,Lhx1"
"run_7_lambda_20","Mbx/Dmbx,Lhx1"
"run_7_lambda_21","Mbx/Dmbx,Lhx1"
"run_7_lambda_22","Mbx/Dmbx,Lhx1,HMG1/2"
"run_7_lambda_23","Mbx/Dmbx,Lhx1,HMG1/2"
"run_7_lambda_24","Mbx/Dmbx,Lhx1,HMG1/2"
"run_7_lambda_25","Mbx/Dmbx,Lhx1,HMG1/2"
"run_7_lambda_26","Mbx/Dmbx,Lhx1,HMG1/2"
"run_7_lambda_27","Mbx/Dmbx,Lhx1,HMG1/2"
"run_7_lambda_28","Mbx/Dmbx,Lhx1,HMG1/2"
"run_7_lambda_29","Mbx/Dmbx,Lhx1,HMG1/2"
"run_7_lambda_30","Mbx/Dmbx,Lhx1,HMG1/2"
"run_7_lambda_31","Mbx/Dmbx,Lhx1,HMG1/2"
"run_7_lambda_32","Mbx/Dmbx,Lhx1,HMG1/2,LAG1-like1"
"run_7_lambda_33","Mbx/Dmbx,Lhx1,HMG1/2,LAG1-like1"
"run_7_lambda_34","Mbx/Dmbx,Orphan bHLH-1,Lhx1,HMG1/2,LAG1-like1"
"run_7_lambda_35","Mbx/Dmbx,Orphan bHLH-1,Lhx1,HMG1/2,LAG1-like1"
"run_7_lambda_36","Mbx/Dmbx,Orphan bHLH-1,Lhx1,HMG1/2,LAG1-like1"
"run_7_lambda_37","Mbx/Dmbx,Orphan bHLH-1,Lhx1,HMG1/2,LAG1-like1"
"run_7_lambda_38","Mbx/Dmbx,Orphan bHLH-1,Lhx1,HMG1/2,LAG1-like1"
"run_7_lambda_39","Mbx/Dmbx,Orphan bHLH-1,Lhx1,HMG1/2,LAG1-like1,Pax2/5/8-A"
"run_7_lambda_40","Mbx/Dmbx,Orphan bHLH-1,Lhx1,HMG1/2,LAG1-like1,Pax2/5/8-A"
"run_7_lambda_41","Mbx/Dmbx,Orphan bHLH-1,Lhx1,HMG1/2,LAG1-like1,Pax2/5/8-A"
"run_7_lambda_42","Mbx/Dmbx,Orphan bHLH-1,Lhx1,HMG1/2,LAG1-like1,Pax2/5/8-A"
"run_7_lambda_43","Mbx/Dmbx,Orphan bHLH-1,Lhx1,HMG1/2,LAG1-like1,Pax2/5/8-A,Ci-ZF298"
"run_7_lambda_44","Mbx/Dmbx,Orphan bHLH-1,Lhx1,HMG1/2,LAG1-like1,Pax2/5/8-A,Ci-ZF298"
"run_7_lambda_45","Orphan bHLH-1,Lhx1,HMG1/2,LAG1-like1,Pax2/5/8-A,Ci-ZF298"
"run_7_lambda_46","Orphan bHLH-1,Lhx1,HMG1/2,LAG1-like1,Pax2/5/8-A,small Maf,Ci-ZF298"
"run_7_lambda_47","Orphan bHLH-1,Lhx1,HMG1/2,LAG1-like1,Pax2/5/8-A,small Maf,Ci-ZF298,Ci-ZF168"
"run_7_lambda_48","Orphan bHLH-1,Lhx1,HMG1/2,LAG1-like1,Pax2/5/8-A,small Maf,Ci-ZF298,Ci-ZF168,Net"
"run_7_lambda_49","Orphan bHLH-1,Lhx1,HMG1/2,LAG1-like1,Pax2/5/8-A,small Maf,Hox1,Ci-ZF298,Ci-ZF168,Net,Zinc Finger (BTB/C2H2) // Ci-ZF251"
"run_7_lambda_50","Orphan bHLH-1,Lhx1,HMG1/2,LAG1-like1,Pax2/5/8-A,small Maf,Hox1,Ci-ZF298,Ci-ZF168,Net,Zinc Finger (BTB/C2H2) // Ci-ZF251"
"run_7_lambda_51","Lhx1,HMG1/2,LAG1-like1,Pax2/5/8-A,small Maf,Hox1,Ci-ZF298,Ci-ZF168,Net,Zinc Finger (BTB/C2H2) // Ci-ZF251"
"run_7_lambda_52","HMG1/2,LAG1-like1,Pax2/5/8-A,small Maf,Hox1,Ci-ZF298,Ci-ZF168,Net,Zinc Finger (BTB/C2H2) // Ci-ZF251"
"run_7_lambda_53","HMG1/2,LAG1-like1,Pax2/5/8-A,small Maf,Hox1,Zinc Finger (C2H2)-22 // Ci-ZF219,Ci-ZF298,Ci-ZF168,Net,FoxH-a,Zinc Finger (C2H2)-18 // Ci-ZF221,Zinc Finger (BTB/C2H2) // Ci-ZF251"
"run_7_lambda_54","HMG1/2,LAG1-like1,Pax2/5/8-A,small Maf,Hox1,Zinc Finger (C2H2)-22 // Ci-ZF219,Ci-ZF298,Ci-ZF168,Net,FoxH-a,Zinc Finger (C2H2)-18 // Ci-ZF221,Zinc Finger (BTB/C2H2) // Ci-ZF251,Pitx"
"run_7_lambda_55","HMG1/2,LAG1-like1,Pax2/5/8-A,small Maf,Hox1,Zinc Finger (C2H2)-22 // Ci-ZF219,Ci-ZF298,Ci-ZF168,Net,FoxH-a,Zinc Finger (C2H2)-18 // Ci-ZF221,Zinc Finger (BTB/C2H2) // Ci-ZF251,Pitx"
"run_7_lambda_56","HMG1/2,LAG1-like1,Pax2/5/8-A,small Maf,Hox1,Zinc Finger (C2H2)-22 // Ci-ZF219,Ci-ZF298,Ci-ZF168,Net,FoxH-a,Zinc Finger (C2H2)-18 // Ci-ZF221,Zinc Finger (BTB/C2H2) // Ci-ZF251,Pitx"
"run_7_lambda_57","HMG1/2,LAG1-like1,Pax2/5/8-A,small Maf,Hox1,Zinc Finger (C2H2)-22 // Ci-ZF219,Ci-ZF298,Ci-ZF168,Net,FoxH-a,Zinc Finger (C2H2)-18 // Ci-ZF221,Zinc Finger (BTB/C2H2) // Ci-ZF251,Pitx"
"run_7_lambda_58","HMG1/2,LAG1-like1,Pax2/5/8-A,small Maf,Hox1,Zinc Finger (C2H2)-22 // Ci-ZF219,Ci-ZF298,Ci-ZF168,Net,FoxH-a,Zinc Finger (C2H2)-18 // Ci-ZF221,Zinc Finger (BTB/C2H2) // Ci-ZF251,Pitx"
"run_7_lambda_59","HMG1/2,LAG1-like1,Pax2/5/8-A,small Maf,Hox1,Zinc Finger (C2H2)-22 // Ci-ZF219,Ci-ZF298,Ci-ZF168,Net,FoxH-a,Zinc Finger (C2H2)-18 // Ci-ZF221,Zinc Finger (BTB/C2H2) // Ci-ZF251,Pitx"
"run_7_lambda_60","HMG1/2,LAG1-like1,Pax2/5/8-A,small Maf,Hox1,Zinc Finger (C2H2)-22 // Ci-ZF219,Ci-ZF298,Ci-ZF168,Net,FoxH-a,Zinc Finger (C2H2)-18 // Ci-ZF221,Zinc Finger (BTB/C2H2) // Ci-ZF251,Pitx"
"run_7_lambda_61","HMG1/2,LAG1-like1,Pax2/5/8-A,small Maf,Hox1,Zinc Finger (C2H2)-22 // Ci-ZF219,Ci-ZF298,Ci-ZF168,Net,FoxH-a,Zinc Finger (C2H2)-18 // Ci-ZF221,Zinc Finger (BTB/C2H2) // Ci-ZF251,Pitx"
"run_7_lambda_62","HMG1/2,LAG1-like1,Pax2/5/8-A,small Maf,Hox1,Zinc Finger (C2H2)-22 // Ci-ZF219,Ci-ZF298,Ci-ZF168,Net,FoxH-a,Zinc Finger (C2H2)-18 // Ci-ZF221,Zinc Finger (BTB/C2H2) // Ci-ZF251,Pitx"
"run_7_lambda_63","LAG1-like1,Pax2/5/8-A,small Maf,Hox1,Zinc Finger (C2H2)-22 // Ci-ZF219,Ci-ZF298,Ci-ZF168,Net,FoxH-a,Zinc Finger (C2H2)-18 // Ci-ZF221,Zinc Finger (BTB/C2H2) // Ci-ZF251,Pitx"
"run_7_lambda_64","LAG1-like1,Pax2/5/8-A,small Maf,Hox1,Zinc Finger (C2H2)-22 // Ci-ZF219,Ci-ZF298,Ci-ZF168,Net,FoxH-a,Zinc Finger (C2H2)-18 // Ci-ZF221,Zinc Finger (BTB/C2H2) // Ci-ZF251,Pitx"
"run_7_lambda_65","LAG1-like1,Pax2/5/8-A,small Maf,Hox1,Zinc Finger (C2H2)-22 // Ci-ZF219,Ci-ZF298,Ci-ZF168,Net,FoxH-a,Zinc Finger (C2H2)-18 // Ci-ZF221,Zinc Finger (BTB/C2H2) // Ci-ZF251,Pitx"
"run_7_lambda_66","LAG1-like1,Pax2/5/8-A,small Maf,Hox1,Zinc Finger (C2H2)-22 // Ci-ZF219,Ci-ZF298,Ci-ZF168,Net,FoxH-a,Zinc Finger (C2H2)-18 // Ci-ZF221,Zinc Finger (BTB/C2H2) // Ci-ZF251,Pitx"
"run_7_lambda_67","LAG1-like1,Pax2/5/8-A,small Maf,Hox1,Zinc Finger (C2H2)-22 // Ci-ZF219,Ci-ZF298,Ci-ZF168,Net,FoxH-a,Zinc Finger (C2H2)-18 // Ci-ZF221,Zinc Finger (BTB/C2H2) // Ci-ZF251,Pitx"
"run_7_lambda_68","LAG1-like1,Pax2/5/8-A,small Maf,Hox1,Zinc Finger (C2H2)-22 // Ci-ZF219,Ci-ZF298,Ci-ZF168,Net,FoxH-a,Zinc Finger (C2H2)-18 // Ci-ZF221,Zinc Finger (BTB/C2H2) // Ci-ZF251,Pitx"
"run_7_lambda_69","LAG1-like1,Pax2/5/8-A,small Maf,Hox1,Zinc Finger (C2H2)-22 // Ci-ZF219,Ci-ZF298,Ci-ZF168,Net,FoxH-a,Zinc Finger (C2H2)-18 // Ci-ZF221,Zinc Finger (BTB/C2H2) // Ci-ZF251,Pitx"
"run_7_lambda_70","LAG1-like1,Pax2/5/8-A,small Maf,Hox1,Zinc Finger (C2H2)-22 // Ci-ZF219,Ci-ZF298,Ci-ZF168,Net,FoxH-a,Zinc Finger (C2H2)-18 // Ci-ZF221,Zinc Finger (BTB/C2H2) // Ci-ZF251,Pitx"
"run_7_lambda_71","LAG1-like1,Pax2/5/8-A,small Maf,Hox1,Zinc Finger (C2H2)-22 // Ci-ZF219,Ci-ZF298,Ci-ZF168,Net,FoxH-a,Zinc Finger (C2H2)-18 // Ci-ZF221,Zinc Finger (BTB/C2H2) // Ci-ZF251,Pitx"
"run_7_lambda_72","LAG1-like1,Pax2/5/8-A,small Maf,Hox1,Zinc Finger (C2H2)-22 // Ci-ZF219,Ci-ZF298,Ci-ZF168,Net,FoxH-a,Zinc Finger (C2H2)-18 // Ci-ZF221,Zinc Finger (BTB/C2H2) // Ci-ZF251,Pitx"
"run_7_lambda_73","LAG1-like1,Pax2/5/8-A,small Maf,Hox1,Zinc Finger (C2H2)-22 // Ci-ZF219,Ci-ZF298,Ci-ZF168,Net,FoxH-a,Zinc Finger (C2H2)-18 // Ci-ZF221,Zinc Finger (BTB/C2H2) // Ci-ZF251,Pitx"
"run_7_lambda_74","LAG1-like1,Pax2/5/8-A,small Maf,Hox1,Zinc Finger (C2H2)-22 // Ci-ZF219,Ci-ZF298,Ci-ZF168,Net,FoxH-a,Zinc Finger (C2H2)-18 // Ci-ZF221,Zinc Finger (BTB/C2H2) // Ci-ZF251,Pitx"
"run_7_lambda_75","LAG1-like1,Pax2/5/8-A,small Maf,Hox1,Zinc Finger (C2H2)-22 // Ci-ZF219,Ci-ZF298,Ci-ZF168,Net,FoxH-a,Zinc Finger (C2H2)-18 // Ci-ZF221,Zinc Finger (BTB/C2H2) // Ci-ZF251,Pitx"
"run_7_lambda_76","LAG1-like1,Pax2/5/8-A,small Maf,Hox1,Zinc Finger (C2H2)-22 // Ci-ZF219,Ci-ZF298,Ci-ZF168,Net,FoxH-a,Zinc Finger (C2H2)-18 // Ci-ZF221,Zinc Finger (BTB/C2H2) // Ci-ZF251,Pitx"
"run_7_lambda_77","LAG1-like1,Pax2/5/8-A,small Maf,Hox1,Zinc Finger (C2H2)-22 // Ci-ZF219,Ci-ZF298,Ci-ZF168,Net,FoxH-a,Zinc Finger (C2H2)-18 // Ci-ZF221,Zinc Finger (BTB/C2H2) // Ci-ZF251,Pitx"
"run_7_lambda_78","LAG1-like1,Pax2/5/8-A,small Maf,Hox1,Zinc Finger (C2H2)-22 // Ci-ZF219,Ci-ZF298,Ci-ZF168,Net,FoxH-a,Zinc Finger (C2H2)-18 // Ci-ZF221,Zinc Finger (BTB/C2H2) // Ci-ZF251,Pitx"
"run_7_lambda_79","Pax2/5/8-A,small Maf,Hox1,Zinc Finger (C2H2)-22 // Ci-ZF219,Ci-ZF298,Ci-ZF168,Net,FoxH-a,Zinc Finger (C2H2)-18 // Ci-ZF221,Zinc Finger (BTB/C2H2) // Ci-ZF251,Pitx"
"run_7_lambda_80","Pax2/5/8-A,small Maf,Hox1,Zinc Finger (C2H2)-22 // Ci-ZF219,Ci-ZF298,Ci-ZF168,Net,FoxH-a,Zinc Finger (C2H2)-18 // Ci-ZF221,Zinc Finger (BTB/C2H2) // Ci-ZF251,Pitx"
"run_7_lambda_81","Pax2/5/8-A,small Maf,Hox1,Zinc Finger (C2H2)-22 // Ci-ZF219,Ci-ZF298,Ci-ZF168,Net,FoxH-a,Zinc Finger (C2H2)-18 // Ci-ZF221,Zinc Finger (BTB/C2H2) // Ci-ZF251,Pitx"
"run_7_lambda_82","Pax2/5/8-A,small Maf,Hox1,Zinc Finger (C2H2)-22 // Ci-ZF219,Ci-ZF298,Ci-ZF168,Net,FoxH-a,Zinc Finger (C2H2)-18 // Ci-ZF221,Zinc Finger (BTB/C2H2) // Ci-ZF251,Pitx"
"run_7_lambda_83","Pax2/5/8-A,small Maf,Hox1,Zinc Finger (C2H2)-22 // Ci-ZF219,Ci-ZF298,Ci-ZF168,Net,FoxH-a,Zinc Finger (C2H2)-18 // Ci-ZF221,Zinc Finger (BTB/C2H2) // Ci-ZF251,Pitx"
"run_7_lambda_84","Pax2/5/8-A,small Maf,Hox1,Zinc Finger (C2H2)-22 // Ci-ZF219,Ci-ZF298,Ci-ZF168,Net,FoxH-a,Zinc Finger (C2H2)-18 // Ci-ZF221,Zinc Finger (BTB/C2H2) // Ci-ZF251,Pitx"
"run_7_lambda_85","Pax2/5/8-A,small Maf,Hox1,Zinc Finger (C2H2)-22 // Ci-ZF219,Ci-ZF298,Ci-ZF168,Net,FoxH-a,Zinc Finger (C2H2)-18 // Ci-ZF221,Zinc Finger (BTB/C2H2) // Ci-ZF251,Pitx"
"run_7_lambda_86","Pax2/5/8-A,small Maf,Hox1,Zinc Finger (C2H2)-22 // Ci-ZF219,Ci-ZF298,Ci-ZF168,Net,FoxH-a,Zinc Finger (C2H2)-18 // Ci-ZF221,Zinc Finger (BTB/C2H2) // Ci-ZF251,Pitx"
"run_7_lambda_87","Pax2/5/8-A,small Maf,Hox1,Zinc Finger (C2H2)-22 // Ci-ZF219,Ci-ZF298,Ci-ZF168,Net,FoxH-a,Zinc Finger (C2H2)-18 // Ci-ZF221,Zinc Finger (BTB/C2H2) // Ci-ZF251,Pitx"
"run_7_lambda_88","Pax2/5/8-A,small Maf,Hox1,Zinc Finger (C2H2)-22 // Ci-ZF219,Ci-ZF298,Ci-ZF168,Net,FoxH-a,Zinc Finger (C2H2)-18 // Ci-ZF221,Zinc Finger (BTB/C2H2) // Ci-ZF251,Pitx"
"run_7_lambda_89","Pax2/5/8-A,small Maf,Hox1,Zinc Finger (C2H2)-22 // Ci-ZF219,Ci-ZF298,Ci-ZF168,Net,FoxH-a,Zinc Finger (C2H2)-18 // Ci-ZF221,Zinc Finger (BTB/C2H2) // Ci-ZF251,Pitx"
"run_7_lambda_90","Pax2/5/8-A,small Maf,Hox1,Zinc Finger (C2H2)-22 // Ci-ZF219,Ci-ZF298,Ci-ZF168,Net,FoxH-a,Zinc Finger (C2H2)-18 // Ci-ZF221,Zinc Finger (BTB/C2H2) // Ci-ZF251,Pitx"
"run_7_lambda_91","Pax2/5/8-A,small Maf,Hox1,Zinc Finger (C2H2)-22 // Ci-ZF219,Ci-ZF298,Ci-ZF168,Net,FoxH-a,Zinc Finger (C2H2)-18 // Ci-ZF221,Zinc Finger (BTB/C2H2) // Ci-ZF251,Pitx"
"run_7_lambda_92","Pax2/5/8-A,small Maf,Hox1,Zinc Finger (C2H2)-22 // Ci-ZF219,Ci-ZF298,Ci-ZF168,Net,FoxH-a,Zinc Finger (C2H2)-18 // Ci-ZF221,Zinc Finger (BTB/C2H2) // Ci-ZF251,Pitx"
"run_7_lambda_93","Pax2/5/8-A,small Maf,Hox1,Zinc Finger (C2H2)-22 // Ci-ZF219,Ci-ZF298,Ci-ZF168,Net,FoxH-a,Zinc Finger (C2H2)-18 // Ci-ZF221,Zinc Finger (BTB/C2H2) // Ci-ZF251,Pitx"
"run_7_lambda_94","Pax2/5/8-A,small Maf,Hox1,Zinc Finger (C2H2)-22 // Ci-ZF219,Ci-ZF298,Ci-ZF168,Net,FoxH-a,Zinc Finger (C2H2)-18 // Ci-ZF221,Zinc Finger (BTB/C2H2) // Ci-ZF251,Pitx"
"run_7_lambda_95","Pax2/5/8-A,small Maf,Hox1,Zinc Finger (C2H2)-22 // Ci-ZF219,Ci-ZF298,Ci-ZF168,Net,FoxH-a,Zinc Finger (C2H2)-18 // Ci-ZF221,Zinc Finger (BTB/C2H2) // Ci-ZF251,Pitx"
"run_7_lambda_96","Pax2/5/8-A,small Maf,Hox1,Zinc Finger (C2H2)-22 // Ci-ZF219,Ci-ZF298,Ci-ZF168,Net,FoxH-a,Zinc Finger (C2H2)-18 // Ci-ZF221,Zinc Finger (BTB/C2H2) // Ci-ZF251,Pitx"
"run_7_lambda_97","Pax2/5/8-A,small Maf,Hox1,Zinc Finger (C2H2)-22 // Ci-ZF219,Ci-ZF298,Ci-ZF168,Net,FoxH-a,Zinc Finger (C2H2)-18 // Ci-ZF221,Zinc Finger (BTB/C2H2) // Ci-ZF251,Pitx"
"run_7_lambda_98","Pax2/5/8-A,small Maf,Hox1,Zinc Finger (C2H2)-22 // Ci-ZF219,Ci-ZF298,Ci-ZF168,Net,FoxH-a,Zinc Finger (C2H2)-18 // Ci-ZF221,Zinc Finger (BTB/C2H2) // Ci-ZF251,Pitx"
"run_7_lambda_99","Pax2/5/8-A,small Maf,Hox1,Zinc Finger (C2H2)-22 // Ci-ZF219,Ci-ZF298,Ci-ZF168,Net,FoxH-a,Zinc Finger (C2H2)-18 // Ci-ZF221,Zinc Finger (BTB/C2H2) // Ci-ZF251,Pitx"
"run_7_lambda_100","Pax2/5/8-A,small Maf,Hox1,Zinc Finger (C2H2)-22 // Ci-ZF219,Ci-ZF298,Ci-ZF168,Net,FoxH-a,Zinc Finger (C2H2)-18 // Ci-ZF221,Zinc Finger (BTB/C2H2) // Ci-ZF251,Pitx"
"run_8_lambda_1",""
"run_8_lambda_2","Lhx1"
"run_8_lambda_3","Lhx1"
"run_8_lambda_4","Lhx1"
"run_8_lambda_5","Lhx1"
"run_8_lambda_6","Lhx1"
"run_8_lambda_7","Lhx1"
"run_8_lambda_8","Lhx1"
"run_8_lambda_9","Mbx/Dmbx,Lhx1"
"run_8_lambda_10","Mbx/Dmbx,Lhx1"
"run_8_lambda_11","Mbx/Dmbx,Lhx1"
"run_8_lambda_12","Mbx/Dmbx,Lhx1"
"run_8_lambda_13","Mbx/Dmbx,Lhx1"
"run_8_lambda_14","Mbx/Dmbx,Lhx1"
"run_8_lambda_15","Mbx/Dmbx,Lhx1"
"run_8_lambda_16","Mbx/Dmbx,Lhx1"
"run_8_lambda_17","Mbx/Dmbx,Lhx1"
"run_8_lambda_18","Mbx/Dmbx,Lhx1"
"run_8_lambda_19","Mbx/Dmbx,Lhx1"
"run_8_lambda_20","Mbx/Dmbx,Lhx1"
"run_8_lambda_21","Mbx/Dmbx,Lhx1"
"run_8_lambda_22","Mbx/Dmbx,Lhx1"
"run_8_lambda_23","Mbx/Dmbx,Lhx1"
"run_8_lambda_24","Mbx/Dmbx,Lhx1"
"run_8_lambda_25","Mbx/Dmbx,Lhx1"
"run_8_lambda_26","Mbx/Dmbx,Lhx1"
"run_8_lambda_27","Mbx/Dmbx,Lhx1"
"run_8_lambda_28","Mbx/Dmbx,Lhx1"
"run_8_lambda_29","Mbx/Dmbx,Lhx1"
"run_8_lambda_30","Mbx/Dmbx,Lhx1"
"run_8_lambda_31","Mbx/Dmbx,Lhx1"
"run_8_lambda_32","Mbx/Dmbx,Lhx1"
"run_8_lambda_33","Mbx/Dmbx,Lhx1"
"run_8_lambda_34","Mbx/Dmbx,Lhx1"
"run_8_lambda_35","Mbx/Dmbx,Lhx1"
"run_8_lambda_36","Mbx/Dmbx,Lhx1"
"run_8_lambda_37","Mbx/Dmbx,Lhx1"
"run_8_lambda_38","Mbx/Dmbx,Lhx1"
"run_8_lambda_39","Mbx/Dmbx,Lhx1,HMG1/2"
"run_8_lambda_40","Mbx/Dmbx,Lhx1,HMG1/2"
"run_8_lambda_41","Mbx/Dmbx,Lhx1,HMG1/2"
"run_8_lambda_42","Mbx/Dmbx,Orphan bHLH-1,Lhx1,HMG1/2"
"run_8_lambda_43","Mbx/Dmbx,Orphan bHLH-1,Lhx1,HMG1/2,Pax2/5/8-A"
"run_8_lambda_44","Mbx/Dmbx,Orphan bHLH-1,Lhx1,HMG1/2,Pax2/5/8-A"
"run_8_lambda_45","Mbx/Dmbx,Orphan bHLH-1,Lhx1,HMG1/2,Pax2/5/8-A"
"run_8_lambda_46","Mbx/Dmbx,Orphan bHLH-1,Lhx1,HMG1/2,Pax2/5/8-A,FoxB,Zinc Finger (C2H2)-22 // Ci-ZF219"
"run_8_lambda_47","Mbx/Dmbx,Orphan bHLH-1,Lhx1,HMG1/2,LAG1-like1,Pax2/5/8-A,FoxB,Zinc Finger (C2H2)-22 // Ci-ZF219,Ci-ZF168"
"run_8_lambda_48","Orphan bHLH-1,Lhx1,HMG1/2,LAG1-like1,Ci-ZF155,Pax2/5/8-A,FoxB,Zinc Finger (C2H2)-22 // Ci-ZF219,Ci-ZF168,Zinc Finger (BTB/C2H2) // Ci-ZF251"
"run_8_lambda_49","Orphan bHLH-1,Lhx1,HMG1/2,LAG1-like1,Ci-ZF155,Pax2/5/8-A,FoxB,Zinc Finger (C2H2)-22 // Ci-ZF219,Ci-ZF168,Zinc Finger (BTB/C2H2) // Ci-ZF251"
"run_8_lambda_50","Orphan bHLH-1,Lhx1,HMG1/2,LAG1-like1,Ci-ZF155,Pax2/5/8-A,small Maf,FoxB,Zinc Finger (C2H2)-22 // Ci-ZF219,Ci-ZF168,Net,FoxH-a,Zinc Finger (BTB/C2H2) // Ci-ZF251"
"run_8_lambda_51","Orphan bHLH-1,Lhx1,HMG1/2,LAG1-like1,Ci-ZF155,Pax2/5/8-A,small Maf,FoxB,Zinc Finger (C2H2)-22 // Ci-ZF219,Ci-ZF168,Net,FoxH-a,Zinc Finger (BTB/C2H2) // Ci-ZF251"
"run_8_lambda_52","Orphan bHLH-1,HMG1/2,LAG1-like1,Ci-ZF155,Pax2/5/8-A,small Maf,FoxB,Zinc Finger (C2H2)-22 // Ci-ZF219,Ci-ZF298,Ci-ZF168,Net,FoxH-a,Zinc Finger (BTB/C2H2) // Ci-ZF251,Pitx"
"run_8_lambda_53","Orphan bHLH-1,HMG1/2,LAG1-like1,Ci-ZF155,Pax2/5/8-A,small Maf,FoxB,Zinc Finger (C2H2)-22 // Ci-ZF219,Ci-ZF298,Ci-ZF168,Net,FoxH-a,Zinc Finger (BTB/C2H2) // Ci-ZF251,Pitx"
"run_8_lambda_54","Orphan bHLH-1,HMG1/2,LAG1-like1,Ci-ZF155,Pax2/5/8-A,small Maf,FoxB,Zinc Finger (C2H2)-22 // Ci-ZF219,Ci-ZF298,Ci-ZF168,Net,FoxH-a,Zinc Finger (BTB/C2H2) // Ci-ZF251,Pitx"
"run_8_lambda_55","Orphan bHLH-1,HMG1/2,LAG1-like1,Ci-ZF155,Pax2/5/8-A,small Maf,FoxB,Zinc Finger (C2H2)-22 // Ci-ZF219,Ci-ZF298,Ci-ZF168,Net,FoxH-a,Zinc Finger (BTB/C2H2) // Ci-ZF251,Pitx"
"run_8_lambda_56","Orphan bHLH-1,HMG1/2,LAG1-like1,Ci-ZF155,Pax2/5/8-A,small Maf,FoxB,POU4,Zinc Finger (C2H2)-22 // Ci-ZF219,Ci-ZF298,Ci-ZF168,Net,FoxH-a,Zinc Finger (BTB/C2H2) // Ci-ZF251,Pitx"
"run_8_lambda_57","Orphan bHLH-1,HMG1/2,LAG1-like1,Pax2/5/8-A,small Maf,FoxB,POU4,Zinc Finger (C2H2)-22 // Ci-ZF219,Ci-ZF298,Ci-ZF168,Net,FoxH-a,Zinc Finger (BTB/C2H2) // Ci-ZF251,Pitx"
"run_8_lambda_58","Orphan bHLH-1,HMG1/2,LAG1-like1,Pax2/5/8-A,small Maf,FoxB,POU4,Zinc Finger (C2H2)-22 // Ci-ZF219,Ci-ZF298,Ci-ZF168,Net,FoxH-a,Zinc Finger (BTB/C2H2) // Ci-ZF251,Pitx"
"run_8_lambda_59","Orphan bHLH-1,HMG1/2,LAG1-like1,Pax2/5/8-A,small Maf,FoxB,POU4,Zinc Finger (C2H2)-22 // Ci-ZF219,Ci-ZF298,Ci-ZF168,Net,FoxH-a,Zinc Finger (BTB/C2H2) // Ci-ZF251,Pitx"
"run_8_lambda_60","Orphan bHLH-1,HMG1/2,LAG1-like1,Pax2/5/8-A,small Maf,FoxB,Zinc Finger (C2H2)-22 // Ci-ZF219,Ci-ZF298,Ci-ZF168,Net,FoxH-a,Zinc Finger (C2H2)-18 // Ci-ZF221,Zinc Finger (BTB/C2H2) // Ci-ZF251,Pitx"
"run_8_lambda_61","Orphan bHLH-1,HMG1/2,LAG1-like1,Pax2/5/8-A,small Maf,FoxB,Zinc Finger (C2H2)-22 // Ci-ZF219,Ci-ZF298,Ci-ZF168,Net,FoxH-a,Zinc Finger (C2H2)-18 // Ci-ZF221,Zinc Finger (BTB/C2H2) // Ci-ZF251,Pitx"
"run_8_lambda_62","Orphan bHLH-1,HMG1/2,LAG1-like1,Pax2/5/8-A,small Maf,FoxB,Zinc Finger (C2H2)-22 // Ci-ZF219,Ci-ZF298,Ci-ZF168,Net,FoxH-a,Zinc Finger (C2H2)-18 // Ci-ZF221,Zinc Finger (BTB/C2H2) // Ci-ZF251,Pitx"
"run_8_lambda_63","Orphan bHLH-1,HMG1/2,LAG1-like1,Pax2/5/8-A,small Maf,FoxB,Zinc Finger (C2H2)-22 // Ci-ZF219,Ci-ZF298,Ci-ZF168,Net,FoxH-a,Zinc Finger (C2H2)-18 // Ci-ZF221,Zinc Finger (BTB/C2H2) // Ci-ZF251,Pitx"
"run_8_lambda_64","Orphan bHLH-1,HMG1/2,LAG1-like1,Pax2/5/8-A,small Maf,FoxB,Zinc Finger (C2H2)-22 // Ci-ZF219,Ci-ZF298,Ci-ZF168,Net,FoxH-a,Zinc Finger (C2H2)-18 // Ci-ZF221,Zinc Finger (BTB/C2H2) // Ci-ZF251,Pitx"
"run_8_lambda_65","Orphan bHLH-1,HMG1/2,LAG1-like1,Pax2/5/8-A,small Maf,Zinc Finger (C2H2)-22 // Ci-ZF219,Ci-ZF298,Ci-ZF168,Net,FoxH-a,Zinc Finger (C2H2)-18 // Ci-ZF221,Zinc Finger (BTB/C2H2) // Ci-ZF251,Pitx"
"run_8_lambda_66","Orphan bHLH-1,LAG1-like1,Pax2/5/8-A,small Maf,Zinc Finger (C2H2)-22 // Ci-ZF219,Ci-ZF298,Ci-ZF168,Net,FoxH-a,Zinc Finger (C2H2)-18 // Ci-ZF221,Zinc Finger (BTB/C2H2) // Ci-ZF251,Pitx"
"run_8_lambda_67","Orphan bHLH-1,LAG1-like1,Pax2/5/8-A,small Maf,Zinc Finger (C2H2)-22 // Ci-ZF219,Ci-ZF298,Ci-ZF168,Net,FoxH-a,Zinc Finger (C2H2)-18 // Ci-ZF221,Zinc Finger (BTB/C2H2) // Ci-ZF251,Pitx"
"run_8_lambda_68","Orphan bHLH-1,LAG1-like1,Pax2/5/8-A,small Maf,Zinc Finger (C2H2)-22 // Ci-ZF219,Ci-ZF298,Ci-ZF168,Net,FoxH-a,Zinc Finger (C2H2)-18 // Ci-ZF221,Zinc Finger (BTB/C2H2) // Ci-ZF251,Pitx"
"run_8_lambda_69","Orphan bHLH-1,LAG1-like1,Pax2/5/8-A,small Maf,Zinc Finger (C2H2)-22 // Ci-ZF219,Ci-ZF298,Ci-ZF168,Net,FoxH-a,Zinc Finger (C2H2)-18 // Ci-ZF221,Zinc Finger (BTB/C2H2) // Ci-ZF251,Pitx"
"run_8_lambda_70","Orphan bHLH-1,LAG1-like1,Pax2/5/8-A,small Maf,Zinc Finger (C2H2)-22 // Ci-ZF219,Ci-ZF298,Ci-ZF168,Net,FoxH-a,Zinc Finger (C2H2)-18 // Ci-ZF221,Zinc Finger (BTB/C2H2) // Ci-ZF251,Pitx"
"run_8_lambda_71","Orphan bHLH-1,LAG1-like1,Pax2/5/8-A,small Maf,Zinc Finger (C2H2)-22 // Ci-ZF219,Ci-ZF298,Ci-ZF168,Net,FoxH-a,Zinc Finger (C2H2)-18 // Ci-ZF221,Zinc Finger (BTB/C2H2) // Ci-ZF251,Pitx"
"run_8_lambda_72","Orphan bHLH-1,LAG1-like1,Pax2/5/8-A,small Maf,Zinc Finger (C2H2)-22 // Ci-ZF219,Ci-ZF298,Ci-ZF168,Net,FoxH-a,Zinc Finger (C2H2)-18 // Ci-ZF221,Zinc Finger (BTB/C2H2) // Ci-ZF251,Pitx"
"run_8_lambda_73","Orphan bHLH-1,LAG1-like1,Pax2/5/8-A,small Maf,Zinc Finger (C2H2)-22 // Ci-ZF219,Ci-ZF298,Ci-ZF168,Net,FoxH-a,Zinc Finger (C2H2)-18 // Ci-ZF221,Zinc Finger (BTB/C2H2) // Ci-ZF251,Pitx"
"run_8_lambda_74","Orphan bHLH-1,LAG1-like1,Pax2/5/8-A,small Maf,Zinc Finger (C2H2)-22 // Ci-ZF219,Ci-ZF298,Ci-ZF168,Net,FoxH-a,Zinc Finger (C2H2)-18 // Ci-ZF221,Zinc Finger (BTB/C2H2) // Ci-ZF251,Pitx"
"run_8_lambda_75","Orphan bHLH-1,LAG1-like1,Pax2/5/8-A,small Maf,Zinc Finger (C2H2)-22 // Ci-ZF219,Ci-ZF298,Ci-ZF168,Net,FoxH-a,Zinc Finger (C2H2)-18 // Ci-ZF221,Zinc Finger (BTB/C2H2) // Ci-ZF251,Pitx"
"run_8_lambda_76","Orphan bHLH-1,LAG1-like1,Pax2/5/8-A,small Maf,Zinc Finger (C2H2)-22 // Ci-ZF219,Ci-ZF298,Ci-ZF168,Net,FoxH-a,Zinc Finger (C2H2)-18 // Ci-ZF221,Zinc Finger (BTB/C2H2) // Ci-ZF251,Pitx"
"run_8_lambda_77","Orphan bHLH-1,LAG1-like1,Pax2/5/8-A,small Maf,Zinc Finger (C2H2)-22 // Ci-ZF219,Ci-ZF298,Ci-ZF168,Net,FoxH-a,Zinc Finger (C2H2)-18 // Ci-ZF221,Zinc Finger (BTB/C2H2) // Ci-ZF251,Pitx"
"run_8_lambda_78","Orphan bHLH-1,LAG1-like1,Pax2/5/8-A,small Maf,Zinc Finger (C2H2)-22 // Ci-ZF219,Ci-ZF298,Ci-ZF168,Net,FoxH-a,Zinc Finger (C2H2)-18 // Ci-ZF221,Zinc Finger (BTB/C2H2) // Ci-ZF251,Pitx"
"run_8_lambda_79","Orphan bHLH-1,LAG1-like1,Pax2/5/8-A,small Maf,Zinc Finger (C2H2)-22 // Ci-ZF219,Ci-ZF298,Ci-ZF168,Net,FoxH-a,Zinc Finger (C2H2)-18 // Ci-ZF221,Zinc Finger (BTB/C2H2) // Ci-ZF251,Pitx"
"run_8_lambda_80","Orphan bHLH-1,LAG1-like1,Pax2/5/8-A,small Maf,Zinc Finger (C2H2)-22 // Ci-ZF219,Ci-ZF298,Ci-ZF168,Net,FoxH-a,Zinc Finger (C2H2)-18 // Ci-ZF221,Zinc Finger (BTB/C2H2) // Ci-ZF251,Pitx"
"run_8_lambda_81","Orphan bHLH-1,LAG1-like1,Pax2/5/8-A,small Maf,Zinc Finger (C2H2)-22 // Ci-ZF219,Ci-ZF298,Ci-ZF168,Net,FoxH-a,Zinc Finger (C2H2)-18 // Ci-ZF221,Zinc Finger (BTB/C2H2) // Ci-ZF251,Pitx"
"run_8_lambda_82","Orphan bHLH-1,LAG1-like1,Pax2/5/8-A,small Maf,Zinc Finger (C2H2)-22 // Ci-ZF219,Ci-ZF298,Ci-ZF168,Net,FoxH-a,Zinc Finger (C2H2)-18 // Ci-ZF221,Zinc Finger (BTB/C2H2) // Ci-ZF251,Pitx"
"run_8_lambda_83","Orphan bHLH-1,LAG1-like1,Pax2/5/8-A,small Maf,Zinc Finger (C2H2)-22 // Ci-ZF219,Ci-ZF298,Ci-ZF168,Net,FoxH-a,Zinc Finger (C2H2)-18 // Ci-ZF221,Zinc Finger (BTB/C2H2) // Ci-ZF251,Pitx"
"run_8_lambda_84","Orphan bHLH-1,LAG1-like1,Pax2/5/8-A,small Maf,Zinc Finger (C2H2)-22 // Ci-ZF219,Ci-ZF298,Ci-ZF168,Net,FoxH-a,Zinc Finger (C2H2)-18 // Ci-ZF221,Zinc Finger (BTB/C2H2) // Ci-ZF251,Pitx"
"run_8_lambda_85","Orphan bHLH-1,LAG1-like1,Pax2/5/8-A,small Maf,Zinc Finger (C2H2)-22 // Ci-ZF219,Ci-ZF298,Ci-ZF168,Net,FoxH-a,Zinc Finger (C2H2)-18 // Ci-ZF221,Zinc Finger (BTB/C2H2) // Ci-ZF251,Pitx"
"run_8_lambda_86","Orphan bHLH-1,LAG1-like1,Pax2/5/8-A,small Maf,Zinc Finger (C2H2)-22 // Ci-ZF219,Ci-ZF298,Ci-ZF168,Net,FoxH-a,Zinc Finger (C2H2)-18 // Ci-ZF221,Zinc Finger (BTB/C2H2) // Ci-ZF251,Pitx"
"run_8_lambda_87","Orphan bHLH-1,LAG1-like1,Pax2/5/8-A,small Maf,Zinc Finger (C2H2)-22 // Ci-ZF219,Ci-ZF298,Ci-ZF168,Net,FoxH-a,Zinc Finger (C2H2)-18 // Ci-ZF221,Zinc Finger (BTB/C2H2) // Ci-ZF251,Pitx"
"run_8_lambda_88","Orphan bHLH-1,LAG1-like1,Pax2/5/8-A,small Maf,Zinc Finger (C2H2)-22 // Ci-ZF219,Ci-ZF298,Ci-ZF168,Net,FoxH-a,Zinc Finger (C2H2)-18 // Ci-ZF221,Zinc Finger (BTB/C2H2) // Ci-ZF251,Pitx"
"run_8_lambda_89","Orphan bHLH-1,LAG1-like1,Pax2/5/8-A,small Maf,Zinc Finger (C2H2)-22 // Ci-ZF219,Ci-ZF298,Ci-ZF168,Net,FoxH-a,Zinc Finger (C2H2)-18 // Ci-ZF221,Zinc Finger (BTB/C2H2) // Ci-ZF251,Pitx"
"run_8_lambda_90","Orphan bHLH-1,LAG1-like1,Pax2/5/8-A,small Maf,Zinc Finger (C2H2)-22 // Ci-ZF219,Ci-ZF298,Ci-ZF168,Net,FoxH-a,Zinc Finger (C2H2)-18 // Ci-ZF221,Zinc Finger (BTB/C2H2) // Ci-ZF251,Pitx"
"run_8_lambda_91","Orphan bHLH-1,LAG1-like1,Pax2/5/8-A,small Maf,Zinc Finger (C2H2)-22 // Ci-ZF219,Ci-ZF298,Ci-ZF168,Net,FoxH-a,Zinc Finger (C2H2)-18 // Ci-ZF221,Zinc Finger (BTB/C2H2) // Ci-ZF251,Pitx"
"run_8_lambda_92","Orphan bHLH-1,LAG1-like1,Pax2/5/8-A,small Maf,Zinc Finger (C2H2)-22 // Ci-ZF219,Ci-ZF298,Ci-ZF168,Net,FoxH-a,Zinc Finger (C2H2)-18 // Ci-ZF221,Zinc Finger (BTB/C2H2) // Ci-ZF251,Pitx"
"run_8_lambda_93","Orphan bHLH-1,LAG1-like1,Pax2/5/8-A,small Maf,Zinc Finger (C2H2)-22 // Ci-ZF219,Ci-ZF298,Ci-ZF168,Net,FoxH-a,Zinc Finger (C2H2)-18 // Ci-ZF221,Zinc Finger (BTB/C2H2) // Ci-ZF251,Pitx"
"run_8_lambda_94","Orphan bHLH-1,LAG1-like1,Pax2/5/8-A,small Maf,Zinc Finger (C2H2)-22 // Ci-ZF219,Ci-ZF298,Ci-ZF168,Net,FoxH-a,Zinc Finger (C2H2)-18 // Ci-ZF221,Zinc Finger (BTB/C2H2) // Ci-ZF251,Pitx"
"run_8_lambda_95","Orphan bHLH-1,LAG1-like1,Pax2/5/8-A,small Maf,Zinc Finger (C2H2)-22 // Ci-ZF219,Ci-ZF298,Ci-ZF168,Net,FoxH-a,Zinc Finger (C2H2)-18 // Ci-ZF221,Zinc Finger (BTB/C2H2) // Ci-ZF251,Pitx"
"run_8_lambda_96","Orphan bHLH-1,LAG1-like1,Pax2/5/8-A,small Maf,Zinc Finger (C2H2)-22 // Ci-ZF219,Ci-ZF298,Ci-ZF168,Net,FoxH-a,Zinc Finger (C2H2)-18 // Ci-ZF221,Zinc Finger (BTB/C2H2) // Ci-ZF251,Pitx"
"run_8_lambda_97","Orphan bHLH-1,LAG1-like1,Pax2/5/8-A,small Maf,POU4,Zinc Finger (C2H2)-22 // Ci-ZF219,Ci-ZF298,Ci-ZF168,Net,FoxH-a,Zinc Finger (C2H2)-18 // Ci-ZF221,Zinc Finger (BTB/C2H2) // Ci-ZF251,Pitx"
"run_8_lambda_98","Orphan bHLH-1,LAG1-like1,Pax2/5/8-A,small Maf,POU4,Zinc Finger (C2H2)-22 // Ci-ZF219,Ci-ZF298,Ci-ZF168,Net,FoxH-a,Zinc Finger (C2H2)-18 // Ci-ZF221,Zinc Finger (BTB/C2H2) // Ci-ZF251,Pitx"
"run_8_lambda_99","Orphan bHLH-1,LAG1-like1,Pax2/5/8-A,small Maf,POU4,Zinc Finger (C2H2)-22 // Ci-ZF219,Ci-ZF298,Ci-ZF168,Net,FoxH-a,Zinc Finger (C2H2)-18 // Ci-ZF221,Zinc Finger (BTB/C2H2) // Ci-ZF251,Pitx"
"run_8_lambda_100","Orphan bHLH-1,LAG1-like1,Pax2/5/8-A,small Maf,POU4,Zinc Finger (C2H2)-22 // Ci-ZF219,Ci-ZF298,Ci-ZF168,Net,FoxH-a,Zinc Finger (C2H2)-18 // Ci-ZF221,Zinc Finger (BTB/C2H2) // Ci-ZF251,Pitx"
"run_9_lambda_1",""
"run_9_lambda_2","Mbx/Dmbx,Lhx1"
"run_9_lambda_3","Mbx/Dmbx,Lhx1,HMG1/2"
"run_9_lambda_4","Mbx/Dmbx,Lhx1,HMG1/2"
"run_9_lambda_5","Mbx/Dmbx,Lhx1,HMG1/2"
"run_9_lambda_6","Mbx/Dmbx,Lhx1,HMG1/2"
"run_9_lambda_7","Mbx/Dmbx,Lhx1,HMG1/2"
"run_9_lambda_8","Mbx/Dmbx,Lhx1,HMG1/2"
"run_9_lambda_9","Mbx/Dmbx,Lhx1,HMG1/2"
"run_9_lambda_10","Mbx/Dmbx,Lhx1,HMG1/2"
"run_9_lambda_11","Mbx/Dmbx,Lhx1,HMG1/2"
"run_9_lambda_12","Mbx/Dmbx,Lhx1,HMG1/2"
"run_9_lambda_13","Mbx/Dmbx,Lhx1,HMG1/2"
"run_9_lambda_14","Mbx/Dmbx,Lhx1,HMG1/2"
"run_9_lambda_15","Mbx/Dmbx,Lhx1,HMG1/2"
"run_9_lambda_16","Mbx/Dmbx,Lhx1,HMG1/2"
"run_9_lambda_17","Mbx/Dmbx,Lhx1,HMG1/2"
"run_9_lambda_18","Mbx/Dmbx,Lhx1,HMG1/2"
"run_9_lambda_19","Mbx/Dmbx,Lhx1,HMG1/2"
"run_9_lambda_20","Mbx/Dmbx,Lhx1,HMG1/2"
"run_9_lambda_21","Mbx/Dmbx,Lhx1,HMG1/2"
"run_9_lambda_22","Mbx/Dmbx,Lhx1,HMG1/2"
"run_9_lambda_23","Mbx/Dmbx,Lhx1,HMG1/2"
"run_9_lambda_24","Mbx/Dmbx,Lhx1,HMG1/2"
"run_9_lambda_25","Mbx/Dmbx,Lhx1,HMG1/2"
"run_9_lambda_26","Mbx/Dmbx,Lhx1,HMG1/2"
"run_9_lambda_27","Mbx/Dmbx,Lhx1,HMG1/2"
"run_9_lambda_28","Mbx/Dmbx,Lhx1,HMG1/2,LAG1-like1"
"run_9_lambda_29","Mbx/Dmbx,Lhx1,HMG1/2,LAG1-like1"
"run_9_lambda_30","Mbx/Dmbx,Lhx1,HMG1/2,LAG1-like1"
"run_9_lambda_31","Mbx/Dmbx,Lhx1,HMG1/2,LAG1-like1"
"run_9_lambda_32","Mbx/Dmbx,Lhx1,HMG1/2,LAG1-like1"
"run_9_lambda_33","Mbx/Dmbx,Lhx1,HMG1/2,LAG1-like1"
"run_9_lambda_34","Mbx/Dmbx,Lhx1,HMG1/2,LAG1-like1"
"run_9_lambda_35","Mbx/Dmbx,Lhx1,HMG1/2,LAG1-like1"
"run_9_lambda_36","Mbx/Dmbx,Lhx1,HMG1/2,LAG1-like1"
"run_9_lambda_37","Mbx/Dmbx,Orphan bHLH-1,Lhx1,HMG1/2,LAG1-like1"
"run_9_lambda_38","Mbx/Dmbx,Orphan bHLH-1,Lhx1,HMG1/2,LAG1-like1,Pax2/5/8-A"
"run_9_lambda_39","Mbx/Dmbx,Orphan bHLH-1,Lhx1,HMG1/2,LAG1-like1,Pax2/5/8-A"
"run_9_lambda_40","Mbx/Dmbx,Orphan bHLH-1,Lhx1,HMG1/2,LAG1-like1,Pax2/5/8-A"
"run_9_lambda_41","Mbx/Dmbx,Orphan bHLH-1,Lhx1,HMG1/2,LAG1-like1,Pax2/5/8-A,FoxB"
"run_9_lambda_42","Orphan bHLH-1,Lhx1,HMG1/2,LAG1-like1,Pax2/5/8-A,FoxB"
"run_9_lambda_43","Orphan bHLH-1,Lhx1,HMG1/2,LAG1-like1,Pax2/5/8-A,small Maf,FoxB"
"run_9_lambda_44","Orphan bHLH-1,Lhx1,HMG1/2,LAG1-like1,Pax2/5/8-A,small Maf,FoxB,Zinc Finger (C2H2)-22 // Ci-ZF219,Net"
"run_9_lambda_45","Orphan bHLH-1,Lhx1,HMG1/2,LAG1-like1,Pax2/5/8-A,small Maf,FoxB,Zinc Finger (C2H2)-22 // Ci-ZF219,Net"
"run_9_lambda_46","Orphan bHLH-1,Lhx1,HMG1/2,LAG1-like1,Pax2/5/8-A,small Maf,FoxB,Zinc Finger (C2H2)-22 // Ci-ZF219,Net"
"run_9_lambda_47","Orphan bHLH-1,Lhx1,HMG1/2,LAG1-like1,Pax2/5/8-A,FoxB,Zinc Finger (C2H2)-22 // Ci-ZF219,Net"
"run_9_lambda_48","Orphan bHLH-1,Lhx1,HMG1/2,LAG1-like1,Pax2/5/8-A,FoxB,Zinc Finger (C2H2)-22 // Ci-ZF219,Net,Zinc Finger (BTB/C2H2) // Ci-ZF251"
"run_9_lambda_49","Orphan bHLH-1,Lhx1,HMG1/2,LAG1-like1,Ci-ZF155,Pax2/5/8-A,FoxB,Zinc Finger (C2H2)-22 // Ci-ZF219,Net,Zinc Finger (BTB/C2H2) // Ci-ZF251"
"run_9_lambda_50","Orphan bHLH-1,Lhx1,HMG1/2,LAG1-like1,Ci-ZF155,Pax2/5/8-A,FoxB,Zinc Finger (C2H2)-22 // Ci-ZF219,Ci-ZF298,Net,Zinc Finger (BTB/C2H2) // Ci-ZF251"
"run_9_lambda_51","Orphan bHLH-1,Lhx1,HMG1/2,LAG1-like1,Ci-ZF155,Pax2/5/8-A,small Maf,FoxB,Hox1,Zinc Finger (C2H2)-22 // Ci-ZF219,Ci-ZF298,Net,FoxH-a,Zinc Finger (BTB/C2H2) // Ci-ZF251"
"run_9_lambda_52","Orphan bHLH-1,HMG1/2,LAG1-like1,Ci-ZF155,Pax2/5/8-A,small Maf,FoxB,Hox1,POU4,Zinc Finger (C2H2)-22 // Ci-ZF219,Ci-ZF298,Ci-ZF168,Net,FoxH-a,Zinc Finger (BTB/C2H2) // Ci-ZF251"
"run_9_lambda_53","Orphan bHLH-1,HMG1/2,LAG1-like1,Ci-ZF155,Pax2/5/8-A,small Maf,FoxB,Hox1,POU4,Zinc Finger (C2H2)-22 // Ci-ZF219,Ci-ZF298,Ci-ZF168,Net,FoxH-a,Zinc Finger (BTB/C2H2) // Ci-ZF251,Pitx"
"run_9_lambda_54","Orphan bHLH-1,HMG1/2,LAG1-like1,Pax2/5/8-A,small Maf,FoxB,Hox1,POU4,Zinc Finger (C2H2)-22 // Ci-ZF219,Ci-ZF298,Ci-ZF168,Net,FoxH-a,Zinc Finger (BTB/C2H2) // Ci-ZF251,Pitx"
"run_9_lambda_55","HMG1/2,LAG1-like1,Pax2/5/8-A,small Maf,FoxB,Hox1,POU4,Zinc Finger (C2H2)-22 // Ci-ZF219,Ci-ZF298,Ci-ZF168,Net,FoxH-a,Zinc Finger (BTB/C2H2) // Ci-ZF251,Pitx"
"run_9_lambda_56","HMG1/2,LAG1-like1,Pax2/5/8-A,small Maf,FoxB,Hox1,POU4,Zinc Finger (C2H2)-22 // Ci-ZF219,Ci-ZF298,Ci-ZF168,Net,FoxH-a,Zinc Finger (BTB/C2H2) // Ci-ZF251,Pitx"
"run_9_lambda_57","HMG1/2,LAG1-like1,Pax2/5/8-A,small Maf,FoxB,Hox1,Zinc Finger (C2H2)-22 // Ci-ZF219,Ci-ZF298,Ci-ZF168,Net,FoxH-a,Zinc Finger (BTB/C2H2) // Ci-ZF251,Pitx"
"run_9_lambda_58","HMG1/2,LAG1-like1,Pax2/5/8-A,small Maf,FoxB,Hox1,Zinc Finger (C2H2)-22 // Ci-ZF219,Ci-ZF298,Ci-ZF168,Net,FoxH-a,Zinc Finger (C2H2)-18 // Ci-ZF221,Zinc Finger (BTB/C2H2) // Ci-ZF251,Pitx"
"run_9_lambda_59","HMG1/2,LAG1-like1,Pax2/5/8-A,small Maf,FoxB,Hox1,Zinc Finger (C2H2)-22 // Ci-ZF219,Ci-ZF298,Ci-ZF168,Net,FoxH-a,Zinc Finger (C2H2)-18 // Ci-ZF221,Zinc Finger (BTB/C2H2) // Ci-ZF251,Pitx"
"run_9_lambda_60","HMG1/2,LAG1-like1,Pax2/5/8-A,small Maf,FoxB,Hox1,Zinc Finger (C2H2)-22 // Ci-ZF219,Ci-ZF298,Ci-ZF168,Net,FoxH-a,Zinc Finger (C2H2)-18 // Ci-ZF221,Zinc Finger (BTB/C2H2) // Ci-ZF251,Pitx"
"run_9_lambda_61","HMG1/2,LAG1-like1,small Maf,FoxB,Hox1,Zinc Finger (C2H2)-22 // Ci-ZF219,Ci-ZF298,Ci-ZF168,Net,FoxH-a,Zinc Finger (C2H2)-18 // Ci-ZF221,Zinc Finger (BTB/C2H2) // Ci-ZF251,Pitx"
"run_9_lambda_62","HMG1/2,LAG1-like1,small Maf,FoxB,Hox1,Zinc Finger (C2H2)-22 // Ci-ZF219,Ci-ZF298,Ci-ZF168,Net,FoxH-a,Zinc Finger (C2H2)-18 // Ci-ZF221,Zinc Finger (BTB/C2H2) // Ci-ZF251,Pitx"
"run_9_lambda_63","HMG1/2,LAG1-like1,small Maf,FoxB,Hox1,Zinc Finger (C2H2)-22 // Ci-ZF219,Ci-ZF298,Ci-ZF168,Net,FoxH-a,Zinc Finger (C2H2)-18 // Ci-ZF221,Zinc Finger (BTB/C2H2) // Ci-ZF251,Pitx"
"run_9_lambda_64","HMG1/2,LAG1-like1,small Maf,FoxB,Hox1,Zinc Finger (C2H2)-22 // Ci-ZF219,Ci-ZF298,Ci-ZF168,Net,FoxH-a,Zinc Finger (C2H2)-18 // Ci-ZF221,Zinc Finger (BTB/C2H2) // Ci-ZF251,Pitx"
"run_9_lambda_65","HMG1/2,LAG1-like1,small Maf,FoxB,Hox1,Zinc Finger (C2H2)-22 // Ci-ZF219,Ci-ZF298,Ci-ZF168,Net,FoxH-a,Zinc Finger (C2H2)-18 // Ci-ZF221,Zinc Finger (BTB/C2H2) // Ci-ZF251,Pitx"
"run_9_lambda_66","HMG1/2,LAG1-like1,small Maf,FoxB,Hox1,Zinc Finger (C2H2)-22 // Ci-ZF219,Ci-ZF298,Ci-ZF168,Net,FoxH-a,Zinc Finger (C2H2)-18 // Ci-ZF221,Zinc Finger (BTB/C2H2) // Ci-ZF251,Pitx"
"run_9_lambda_67","HMG1/2,LAG1-like1,small Maf,FoxB,Hox1,Zinc Finger (C2H2)-22 // Ci-ZF219,Ci-ZF298,Ci-ZF168,Net,FoxH-a,Zinc Finger (C2H2)-18 // Ci-ZF221,Zinc Finger (BTB/C2H2) // Ci-ZF251,Pitx"
"run_9_lambda_68","HMG1/2,LAG1-like1,small Maf,FoxB,Hox1,Zinc Finger (C2H2)-22 // Ci-ZF219,Ci-ZF298,Ci-ZF168,Net,FoxH-a,Zinc Finger (C2H2)-18 // Ci-ZF221,Zinc Finger (BTB/C2H2) // Ci-ZF251,Pitx"
"run_9_lambda_69","LAG1-like1,small Maf,FoxB,Hox1,Zinc Finger (C2H2)-22 // Ci-ZF219,Ci-ZF298,Ci-ZF168,Net,FoxH-a,Zinc Finger (C2H2)-18 // Ci-ZF221,Zinc Finger (BTB/C2H2) // Ci-ZF251,Pitx"
"run_9_lambda_70","LAG1-like1,small Maf,FoxB,Hox1,Zinc Finger (C2H2)-22 // Ci-ZF219,Ci-ZF298,Ci-ZF168,Net,FoxH-a,Zinc Finger (C2H2)-18 // Ci-ZF221,Zinc Finger (BTB/C2H2) // Ci-ZF251,Pitx"
"run_9_lambda_71","LAG1-like1,small Maf,FoxB,Hox1,Zinc Finger (C2H2)-22 // Ci-ZF219,Ci-ZF298,Ci-ZF168,Net,FoxH-a,Zinc Finger (C2H2)-18 // Ci-ZF221,Zinc Finger (BTB/C2H2) // Ci-ZF251,Pitx"
"run_9_lambda_72","LAG1-like1,small Maf,FoxB,Hox1,Zinc Finger (C2H2)-22 // Ci-ZF219,Ci-ZF298,Ci-ZF168,Net,FoxH-a,Zinc Finger (C2H2)-18 // Ci-ZF221,Zinc Finger (BTB/C2H2) // Ci-ZF251,Pitx"
"run_9_lambda_73","LAG1-like1,small Maf,FoxB,Hox1,Zinc Finger (C2H2)-22 // Ci-ZF219,Ci-ZF298,Ci-ZF168,Net,FoxH-a,Zinc Finger (C2H2)-18 // Ci-ZF221,Zinc Finger (BTB/C2H2) // Ci-ZF251,Pitx"
"run_9_lambda_74","LAG1-like1,small Maf,FoxB,Hox1,Zinc Finger (C2H2)-22 // Ci-ZF219,Ci-ZF298,Ci-ZF168,Net,FoxH-a,Zinc Finger (C2H2)-18 // Ci-ZF221,Zinc Finger (BTB/C2H2) // Ci-ZF251,Pitx"
"run_9_lambda_75","LAG1-like1,small Maf,FoxB,Hox1,Zinc Finger (C2H2)-22 // Ci-ZF219,Ci-ZF298,Ci-ZF168,Net,FoxH-a,Zinc Finger (C2H2)-18 // Ci-ZF221,Zinc Finger (BTB/C2H2) // Ci-ZF251,Pitx"
"run_9_lambda_76","LAG1-like1,small Maf,FoxB,Hox1,Zinc Finger (C2H2)-22 // Ci-ZF219,Ci-ZF298,Ci-ZF168,Net,FoxH-a,Zinc Finger (C2H2)-18 // Ci-ZF221,Zinc Finger (BTB/C2H2) // Ci-ZF251,Pitx"
"run_9_lambda_77","LAG1-like1,small Maf,FoxB,Hox1,Zinc Finger (C2H2)-22 // Ci-ZF219,Ci-ZF298,Ci-ZF168,Net,FoxH-a,Zinc Finger (C2H2)-18 // Ci-ZF221,Zinc Finger (BTB/C2H2) // Ci-ZF251,Pitx"
"run_9_lambda_78","LAG1-like1,small Maf,FoxB,Hox1,Zinc Finger (C2H2)-22 // Ci-ZF219,Ci-ZF298,Ci-ZF168,Net,FoxH-a,Zinc Finger (C2H2)-18 // Ci-ZF221,Zinc Finger (BTB/C2H2) // Ci-ZF251,Pitx"
"run_9_lambda_79","LAG1-like1,small Maf,FoxB,Hox1,Zinc Finger (C2H2)-22 // Ci-ZF219,Ci-ZF298,Ci-ZF168,Net,FoxH-a,Zinc Finger (C2H2)-18 // Ci-ZF221,Zinc Finger (BTB/C2H2) // Ci-ZF251,Pitx"
"run_9_lambda_80","LAG1-like1,small Maf,FoxB,Hox1,Zinc Finger (C2H2)-22 // Ci-ZF219,Ci-ZF298,Ci-ZF168,Net,FoxH-a,Zinc Finger (C2H2)-18 // Ci-ZF221,Zinc Finger (BTB/C2H2) // Ci-ZF251,Pitx"
"run_9_lambda_81","LAG1-like1,small Maf,FoxB,Hox1,Zinc Finger (C2H2)-22 // Ci-ZF219,Ci-ZF298,Ci-ZF168,Net,FoxH-a,Zinc Finger (C2H2)-18 // Ci-ZF221,Zinc Finger (BTB/C2H2) // Ci-ZF251,Pitx"
"run_9_lambda_82","LAG1-like1,small Maf,FoxB,Hox1,Zinc Finger (C2H2)-22 // Ci-ZF219,Ci-ZF298,Ci-ZF168,Net,FoxH-a,Zinc Finger (C2H2)-18 // Ci-ZF221,Zinc Finger (BTB/C2H2) // Ci-ZF251,Pitx"
"run_9_lambda_83","LAG1-like1,small Maf,Hox1,Zinc Finger (C2H2)-22 // Ci-ZF219,Ci-ZF298,Ci-ZF168,Net,FoxH-a,Zinc Finger (C2H2)-18 // Ci-ZF221,Zinc Finger (BTB/C2H2) // Ci-ZF251,Pitx"
"run_9_lambda_84","LAG1-like1,small Maf,Hox1,Zinc Finger (C2H2)-22 // Ci-ZF219,Ci-ZF298,Ci-ZF168,Net,FoxH-a,Zinc Finger (C2H2)-18 // Ci-ZF221,Zinc Finger (BTB/C2H2) // Ci-ZF251,Pitx"
"run_9_lambda_85","LAG1-like1,small Maf,Hox1,Zinc Finger (C2H2)-22 // Ci-ZF219,Ci-ZF298,Ci-ZF168,Net,FoxH-a,Zinc Finger (C2H2)-18 // Ci-ZF221,Zinc Finger (BTB/C2H2) // Ci-ZF251,Pitx"
"run_9_lambda_86","LAG1-like1,small Maf,Hox1,Zinc Finger (C2H2)-22 // Ci-ZF219,Ci-ZF298,Ci-ZF168,Net,FoxH-a,Zinc Finger (C2H2)-18 // Ci-ZF221,Zinc Finger (BTB/C2H2) // Ci-ZF251,Pitx"
"run_9_lambda_87","LAG1-like1,small Maf,Hox1,Zinc Finger (C2H2)-22 // Ci-ZF219,Ci-ZF298,Ci-ZF168,Net,FoxH-a,Zinc Finger (C2H2)-18 // Ci-ZF221,Zinc Finger (BTB/C2H2) // Ci-ZF251,Pitx"
"run_9_lambda_88","LAG1-like1,small Maf,Hox1,Zinc Finger (C2H2)-22 // Ci-ZF219,Ci-ZF298,Ci-ZF168,Net,FoxH-a,Zinc Finger (C2H2)-18 // Ci-ZF221,Zinc Finger (BTB/C2H2) // Ci-ZF251,Pitx"
"run_9_lambda_89","LAG1-like1,small Maf,Hox1,Zinc Finger (C2H2)-22 // Ci-ZF219,Ci-ZF298,Ci-ZF168,Net,FoxH-a,Zinc Finger (C2H2)-18 // Ci-ZF221,Zinc Finger (BTB/C2H2) // Ci-ZF251,Pitx"
"run_9_lambda_90","LAG1-like1,small Maf,Hox1,Zinc Finger (C2H2)-22 // Ci-ZF219,Ci-ZF298,Ci-ZF168,Net,FoxH-a,Zinc Finger (C2H2)-18 // Ci-ZF221,Zinc Finger (BTB/C2H2) // Ci-ZF251,Pitx"
"run_9_lambda_91","LAG1-like1,small Maf,Hox1,Zinc Finger (C2H2)-22 // Ci-ZF219,Ci-ZF298,Ci-ZF168,Net,FoxH-a,Zinc Finger (C2H2)-18 // Ci-ZF221,Zinc Finger (BTB/C2H2) // Ci-ZF251,Pitx"
"run_9_lambda_92","LAG1-like1,small Maf,Hox1,Zinc Finger (C2H2)-22 // Ci-ZF219,Ci-ZF298,Ci-ZF168,Net,FoxH-a,Zinc Finger (C2H2)-18 // Ci-ZF221,Zinc Finger (BTB/C2H2) // Ci-ZF251,Pitx"
"run_9_lambda_93","LAG1-like1,small Maf,Hox1,Zinc Finger (C2H2)-22 // Ci-ZF219,Ci-ZF298,Ci-ZF168,Net,FoxH-a,Zinc Finger (C2H2)-18 // Ci-ZF221,Zinc Finger (BTB/C2H2) // Ci-ZF251,Pitx"
"run_9_lambda_94","LAG1-like1,small Maf,Hox1,Zinc Finger (C2H2)-22 // Ci-ZF219,Ci-ZF298,Ci-ZF168,Net,FoxH-a,Zinc Finger (C2H2)-18 // Ci-ZF221,Zinc Finger (BTB/C2H2) // Ci-ZF251,Pitx"
"run_9_lambda_95","LAG1-like1,small Maf,Hox1,POU4,Zinc Finger (C2H2)-22 // Ci-ZF219,Ci-ZF298,Ci-ZF168,Net,FoxH-a,Zinc Finger (C2H2)-18 // Ci-ZF221,Zinc Finger (BTB/C2H2) // Ci-ZF251,Pitx"
"run_9_lambda_96","LAG1-like1,small Maf,Hox1,POU4,Zinc Finger (C2H2)-22 // Ci-ZF219,Ci-ZF298,Ci-ZF168,Net,FoxH-a,Zinc Finger (C2H2)-18 // Ci-ZF221,Zinc Finger (BTB/C2H2) // Ci-ZF251,Pitx"
"run_9_lambda_97","LAG1-like1,small Maf,Hox1,POU4,Zinc Finger (C2H2)-22 // Ci-ZF219,Ci-ZF298,Ci-ZF168,Net,FoxH-a,Zinc Finger (C2H2)-18 // Ci-ZF221,Zinc Finger (BTB/C2H2) // Ci-ZF251,Pitx"
"run_9_lambda_98","LAG1-like1,small Maf,Hox1,POU4,Zinc Finger (C2H2)-22 // Ci-ZF219,Ci-ZF298,Ci-ZF168,Net,FoxH-a,Zinc Finger (C2H2)-18 // Ci-ZF221,Zinc Finger (BTB/C2H2) // Ci-ZF251,Pitx"
"run_9_lambda_99","LAG1-like1,small Maf,Hox1,POU4,Zinc Finger (C2H2)-22 // Ci-ZF219,Ci-ZF298,Ci-ZF168,Net,FoxH-a,Zinc Finger (C2H2)-18 // Ci-ZF221,Zinc Finger (BTB/C2H2) // Ci-ZF251,Pitx"
"run_9_lambda_100","LAG1-like1,small Maf,Hox1,POU4,Zinc Finger (C2H2)-22 // Ci-ZF219,Ci-ZF298,Ci-ZF168,Net,FoxH-a,Zinc Finger (C2H2)-18 // Ci-ZF221,Zinc Finger (BTB/C2H2) // Ci-ZF251,Pitx"
